,Rk,Player,Pos,Age,Tm,G,MP,PER,TS%,3PAr,FTr,ORB%,DRB%,TRB%,AST%,STL%,BLK%,TOV%,USG%,Unnamed: 19,OWS,DWS,WS,WS/48,Unnamed: 24,OBPM,DBPM,BPM,VORP
0,1,Alaa Abdelnaby,PF,22,POR,43,290,13.1,0.499,0.0,0.379,10.4,23.4,17.0,5.8,0.7,2.5,14.0,22.1,,0.0,0.5,0.5,0.079,,-3.4,-1.2,-4.6,-0.2
1,2,Mahmoud Abdul-Rauf,PG,21,DEN,67,1505,12.2,0.448,0.099,0.097,1.9,6.0,3.8,19.2,1.5,0.1,9.5,27.2,,-0.7,-0.3,-1.0,-0.031,,-2.0,-3.0,-5.0,-1.1
2,3,Mark Acres,C,28,ORL,68,1313,9.2,0.551,0.014,0.472,11.3,18.7,14.9,2.5,0.9,1.1,14.0,9.3,,1.4,1.1,2.5,0.09,,-2.8,-0.2,-3.0,-0.3
3,4,Michael Adams,PG,28,DEN,66,2346,22.3,0.53,0.397,0.372,2.1,8.8,5.2,39.4,2.6,0.1,12.7,28.5,,5.8,0.4,6.3,0.128,,6.0,-0.7,5.3,4.3
4,5,Mark Aguirre,SF,31,DET,78,2006,16.7,0.526,0.086,0.349,7.6,13.7,10.7,11.6,1.2,0.6,10.9,25.7,,2.8,2.7,5.5,0.132,,1.2,0.2,1.4,1.7
5,6,Danny Ainge,SG,31,POR,80,1710,17.0,0.574,0.352,0.193,2.9,10.2,6.6,23.8,1.8,0.5,11.4,20.8,,4.1,2.1,6.2,0.175,,2.8,0.9,3.7,2.5
6,7,Mark Alarie,PF,27,WSB,42,587,11.3,0.496,0.093,0.213,7.6,14.2,10.9,11.2,1.3,0.8,14.0,20.3,,0.1,0.6,0.6,0.05,,-3.0,-0.9,-3.8,-0.3
7,8,Steve Alford,PG,26,DAL,34,236,20.5,0.578,0.197,0.265,4.8,6.8,5.8,16.4,1.7,0.3,10.9,27.5,,0.5,0.1,0.6,0.121,,3.5,-1.4,2.1,0.2
8,9,Greg Anderson,PF,26,TOT,68,924,9.1,0.455,0.004,0.426,10.0,25.9,17.3,2.1,1.7,2.7,20.8,16.3,,-1.2,0.9,-0.3,-0.017,,-5.1,-1.0,-6.1,-1.0
9,9,Greg Anderson,PF,26,MIL,26,247,7.5,0.41,0.014,0.384,12.3,24.1,18.1,1.7,1.6,2.3,20.5,18.6,,-0.5,0.4,-0.1,-0.027,,-5.8,-2.1,-7.9,-0.4
10,9,Greg Anderson,PF,26,NJN,1,18,26.4,1.0,0.0,0.0,22.4,12.1,17.5,9.1,5.4,0.0,20.0,11.2,,0.1,0.0,0.1,0.3,,5.1,4.5,9.6,0.1
11,9,Greg Anderson,PF,26,DEN,41,659,9.2,0.463,0.0,0.451,8.7,27.0,17.0,2.1,1.6,2.9,20.9,15.6,,-0.8,0.5,-0.3,-0.022,,-5.2,-0.7,-5.9,-0.7
12,10,Nick Anderson,SG,23,ORL,70,1971,15.1,0.51,0.068,0.302,4.9,16.7,10.7,8.5,1.8,1.3,10.4,22.4,,1.2,1.9,3.1,0.075,,0.0,0.3,0.3,1.1
13,11,Ron Anderson,SF,32,PHI,82,2340,15.5,0.524,0.041,0.188,5.0,12.4,8.8,8.2,1.4,0.3,8.1,23.2,,2.3,1.8,4.1,0.085,,-0.2,-1.4,-1.6,0.2
14,12,Willie Anderson,SG,24,SAS,75,2592,13.0,0.499,0.035,0.215,3.1,11.5,7.5,20.2,1.5,1.1,13.3,20.1,,1.3,3.5,4.8,0.089,,-0.9,1.0,0.1,1.4
15,13,Michael Ansley,SF,23,ORL,67,877,16.9,0.594,0.0,0.483,14.7,16.8,15.7,4.3,1.5,0.5,9.1,16.3,,2.3,0.7,3.1,0.168,,0.6,-0.8,-0.2,0.4
16,14,B.J. Armstrong,PG,23,CHI,82,1731,14.8,0.529,0.047,0.176,1.7,8.3,5.1,23.4,2.0,0.1,13.6,19.5,,2.3,1.8,4.1,0.114,,-0.2,-0.3,-0.5,0.7
17,15,Vincent Askew,SG,24,GSW,7,85,10.9,0.553,0.0,0.44,9.1,5.2,7.1,20.1,1.1,0.0,16.7,16.8,,0.1,0.0,0.2,0.093,,-2.2,-1.9,-4.1,0.0
18,16,Keith Askins,SF,23,MIA,39,266,13.5,0.467,0.309,0.309,12.4,16.2,14.3,10.2,2.9,3.0,10.7,15.8,,0.2,0.4,0.6,0.103,,-1.1,1.0,-0.2,0.1
19,17,Miloš Babić,PF,22,CLE,12,52,6.0,0.391,0.0,0.632,13.4,6.7,10.0,10.9,1.0,1.2,17.1,24.6,,-0.1,0.0,-0.1,-0.085,,-6.7,-4.2,-11.0,-0.1
20,18,Thurl Bailey,PF,29,UTA,82,2486,12.5,0.513,0.003,0.311,5.1,13.6,9.6,7.7,1.1,2.3,11.6,20.0,,0.6,3.1,3.7,0.072,,-1.4,0.0,-1.4,0.4
21,19,Cedric Ball,PF,22,LAC,7,26,10.8,0.45,0.0,0.25,20.4,25.3,22.8,0.0,0.0,4.6,18.4,17.0,,0.0,0.0,0.0,0.054,,-5.4,-1.4,-6.8,0.0
22,20,Ken Bannister,PF,30,LAC,47,339,7.8,0.506,0.012,0.802,10.6,20.0,15.3,3.6,0.7,1.2,18.6,16.1,,-0.2,0.4,0.2,0.028,,-6.1,-0.8,-6.9,-0.4
23,21,Charles Barkley*,SF,27,PHI,67,2498,28.9,0.635,0.133,0.564,11.8,18.6,15.3,20.6,2.2,0.8,12.6,29.1,,10.3,3.1,13.4,0.258,,8.3,1.0,9.3,7.0
24,22,Dana Barros,PG,23,SEA,66,750,18.8,0.6,0.26,0.273,2.7,8.7,5.7,21.9,1.5,0.1,13.4,22.5,,2.1,0.4,2.5,0.158,,3.7,-1.3,2.4,0.8
25,23,John Battle,SG,28,ATL,79,1863,16.4,0.538,0.057,0.367,1.9,7.6,4.7,18.4,1.2,0.2,10.1,24.7,,3.4,0.6,4.0,0.102,,0.7,-1.6,-0.9,0.5
26,24,Kenny Battle,SG,26,TOT,56,945,12.4,0.525,0.085,0.33,8.2,10.3,9.2,7.9,2.8,1.0,14.1,14.7,,0.7,0.6,1.3,0.068,,-1.3,0.5,-0.8,0.3
27,24,Kenny Battle,SG,26,PHO,16,263,12.8,0.486,0.023,0.337,9.2,12.7,11.0,7.5,3.4,1.3,14.7,17.9,,0.0,0.4,0.4,0.081,,-1.5,1.2,-0.3,0.1
28,24,Kenny Battle,SG,26,DEN,40,682,12.3,0.542,0.112,0.327,7.8,9.4,8.5,8.1,2.5,0.9,13.8,13.4,,0.7,0.2,0.9,0.063,,-1.2,0.3,-0.9,0.2
29,25,William Bedford,C,27,DET,60,562,15.5,0.492,0.054,0.322,11.1,15.5,13.3,9.2,0.2,4.1,10.4,24.1,,0.5,0.8,1.3,0.113,,-1.1,0.4,-0.7,0.2
30,26,Benoit Benjamin,C,26,TOT,70,2236,15.1,0.541,0.0,0.379,7.8,28.7,18.1,7.7,1.2,4.0,20.6,21.0,,-0.7,3.7,3.0,0.064,,-1.9,0.8,-1.1,0.5
31,26,Benoit Benjamin,C,26,LAC,39,1337,15.2,0.539,0.0,0.363,7.5,30.7,18.9,8.1,0.9,4.1,20.4,20.6,,-0.5,2.4,1.9,0.068,,-2.1,1.1,-1.0,0.3
32,26,Benoit Benjamin,C,26,SEA,31,899,15.1,0.544,0.0,0.403,8.1,25.9,16.9,7.1,1.6,3.9,20.8,21.8,,-0.2,1.3,1.1,0.059,,-1.6,0.3,-1.2,0.2
33,27,Winston Bennett,SF,25,CLE,27,334,9.2,0.45,0.0,0.439,10.4,11.8,11.1,11.9,1.2,0.4,13.5,19.3,,0.0,0.2,0.2,0.026,,-4.2,-1.4,-5.5,-0.3
34,28,Larry Bird*,SF,34,BOS,60,2277,19.7,0.53,0.195,0.18,2.8,20.4,12.3,25.9,2.3,1.5,14.6,23.7,,3.0,3.6,6.6,0.14,,2.9,1.7,4.6,3.8
35,29,Rolando Blackman,SG,31,DAL,80,2965,16.6,0.545,0.087,0.248,2.4,7.4,4.9,16.8,1.2,0.4,9.8,24.2,,4.4,1.0,5.5,0.089,,1.4,-1.4,0.0,1.5
36,30,Lance Blanks,SG,24,DET,38,214,7.5,0.476,0.262,0.23,2.1,8.6,5.3,17.7,2.2,0.6,21.1,17.5,,-0.2,0.3,0.1,0.027,,-5.5,1.4,-4.1,-0.1
37,31,Mookie Blaylock,PG,23,NJN,72,2585,13.1,0.455,0.088,0.169,2.6,7.7,5.1,25.5,3.2,0.9,15.6,20.6,,-0.7,2.9,2.1,0.04,,-1.7,1.0,-0.7,0.9
38,32,Muggsy Bogues,PG,26,CHH,81,2299,15.4,0.497,0.023,0.206,2.8,8.1,5.4,40.2,2.9,0.1,17.4,12.8,,3.1,1.7,4.8,0.1,,0.7,0.5,1.2,1.8
39,33,Manute Bol,C,28,PHI,82,1522,8.4,0.426,0.085,0.25,5.0,20.5,12.9,1.7,0.5,9.6,25.7,7.0,,-1.3,2.6,1.3,0.042,,-4.7,3.7,-1.0,0.4
40,34,Anthony Bonner,PF,22,SAC,34,750,12.2,0.474,0.0,0.33,8.7,15.8,12.2,10.1,2.6,0.4,13.5,17.7,,-0.2,0.8,0.7,0.044,,-1.9,-0.2,-2.1,0.0
41,35,Sam Bowie,C,29,NJN,62,1916,14.1,0.486,0.03,0.32,9.3,17.3,13.1,11.4,1.1,2.8,14.6,20.3,,0.4,2.2,2.6,0.066,,-1.0,0.1,-0.8,0.5
42,36,Randy Breuer,C,30,MIN,73,1505,11.4,0.457,0.0,0.182,8.3,19.1,13.3,7.0,1.2,3.4,12.8,15.4,,-0.3,1.3,1.0,0.031,,-2.5,0.1,-2.4,-0.2
43,37,Frank Brickowski,PF,31,MIL,75,1912,16.4,0.578,0.003,0.351,7.9,18.9,13.3,10.6,2.2,1.4,16.4,21.9,,2.2,2.6,4.7,0.119,,-0.3,0.4,0.1,1.0
44,38,Scott Brooks,PG,25,MIN,80,980,16.9,0.528,0.365,0.195,3.1,5.6,4.3,31.6,2.8,0.3,11.3,19.9,,2.1,0.5,2.6,0.127,,2.2,0.1,2.2,1.0
45,39,Chucky Brown,SF,22,CLE,74,1485,12.0,0.555,0.008,0.287,6.1,10.5,8.3,8.4,0.9,1.0,14.3,19.4,,0.7,0.9,1.6,0.052,,-1.8,-1.5,-3.4,-0.5
46,40,Dee Brown,PG,22,BOS,82,1945,13.2,0.523,0.056,0.257,2.5,7.4,5.2,22.5,2.1,0.4,16.7,17.7,,1.8,1.8,3.5,0.087,,-0.9,0.0,-0.9,0.5
47,41,Mike Brown,C,27,UTA,82,1391,9.6,0.538,0.0,0.627,9.9,18.1,14.3,4.9,1.1,1.1,18.5,14.2,,0.5,1.9,2.4,0.083,,-3.0,-0.2,-3.1,-0.4
48,42,Tony Brown,SG-SF,30,TOT,30,294,5.9,0.46,0.15,0.288,10.3,7.2,8.6,7.6,0.7,0.0,15.1,16.0,,-0.1,0.2,0.2,0.026,,-4.6,-1.6,-6.3,-0.3
49,42,Tony Brown,SF,30,LAL,7,27,-0.4,0.833,0.333,0.0,0.0,16.5,8.6,14.5,0.0,0.0,57.1,11.3,,-0.1,0.0,0.0,-0.043,,-8.5,0.7,-7.7,0.0
50,42,Tony Brown,SG,30,UTA,23,267,6.5,0.448,0.143,0.299,11.3,6.2,8.6,6.9,0.8,0.0,12.1,16.4,,0.0,0.2,0.2,0.033,,-4.2,-1.9,-6.1,-0.3
51,43,Mark Bryant,PF,25,POR,53,781,11.2,0.55,0.005,0.498,9.3,17.5,13.5,4.5,0.9,0.9,11.8,14.6,,1.0,1.1,2.1,0.129,,-2.2,-0.2,-2.4,-0.1
52,44,Jud Buechler,SF,22,NJN,74,859,10.0,0.455,0.018,0.292,7.2,10.2,8.6,8.2,1.9,1.0,9.3,13.1,,0.4,0.8,1.2,0.065,,-2.3,0.2,-2.1,0.0
53,45,Matt Bullard,PF,23,HOU,18,63,17.2,0.507,0.097,0.548,10.2,13.4,11.8,5.0,2.3,0.0,7.2,27.1,,0.1,0.1,0.2,0.147,,-1.4,-0.6,-2.0,0.0
54,46,Willie Burton,SF,22,MIA,76,1928,11.5,0.507,0.039,0.379,6.3,8.9,7.6,8.5,1.8,0.8,13.8,22.1,,0.5,1.6,2.1,0.052,,-2.8,-0.7,-3.4,-0.7
55,47,Greg Butler,C,24,LAC,9,37,3.2,0.323,0.0,0.316,22.9,23.7,23.3,3.7,0.0,0.0,15.6,28.1,,-0.1,0.0,-0.1,-0.131,,-10.8,-6.7,-17.5,-0.1
56,48,Michael Cage,C,29,SEA,82,2141,12.0,0.528,0.007,0.252,9.8,21.6,15.6,5.4,2.0,1.8,14.4,11.3,,1.7,2.7,4.3,0.097,,-0.7,0.5,-0.2,0.9
57,49,Adrian Caldwell,PF,24,HOU,42,343,8.6,0.426,0.012,0.205,13.4,17.6,15.5,3.1,2.7,1.7,24.9,14.4,,-0.5,0.7,0.1,0.021,,-4.4,1.2,-3.1,-0.1
58,50,Rick Calloway,SG,24,SAC,64,678,6.6,0.452,0.01,0.411,4.1,9.1,6.5,13.4,1.6,0.7,18.4,17.9,,-0.8,0.4,-0.3,-0.025,,-5.7,-0.9,-6.6,-0.8
59,51,Elden Campbell,PF,22,LAL,52,380,14.5,0.498,0.0,0.398,12.8,16.4,14.7,3.8,1.5,5.9,10.0,18.4,,0.4,0.7,1.1,0.135,,-3.0,1.6,-1.4,0.1
60,52,Tony Campbell,SG,28,MIN,77,2893,16.6,0.494,0.041,0.297,6.1,7.9,6.9,12.4,2.2,1.1,10.1,28.1,,2.3,1.4,3.7,0.062,,1.0,-1.2,-0.2,1.3
61,53,Antoine Carr,PF,29,SAC,77,2527,18.3,0.554,0.002,0.317,7.1,11.9,9.4,14.1,0.9,2.5,10.9,27.2,,3.6,1.8,5.4,0.103,,1.6,-0.8,0.8,1.8
62,54,Joe Barry Carroll,C,32,PHO,11,96,8.6,0.448,0.0,0.333,3.6,22.8,13.7,14.9,0.5,4.8,22.5,22.6,,-0.2,0.2,0.0,-0.014,,-6.8,1.5,-5.3,-0.1
63,55,Bill Cartwright,C,33,CHI,79,2273,11.5,0.522,0.0,0.274,8.8,16.3,12.6,7.1,0.7,0.4,13.4,15.8,,1.9,2.3,4.2,0.089,,-1.2,-1.4,-2.6,-0.4
64,56,Terry Catledge,PF,27,ORL,51,1459,14.5,0.5,0.008,0.408,12.2,14.4,13.3,6.3,1.1,0.4,12.6,23.8,,0.6,0.9,1.6,0.051,,-0.4,-2.0,-2.4,-0.2
65,57,Duane Causwell,C,22,SAC,76,1719,13.0,0.541,0.0,0.4,9.1,16.9,12.9,6.1,1.4,5.5,16.5,14.8,,0.6,2.2,2.8,0.079,,-2.7,1.3,-1.4,0.3
66,58,Cedric Ceballos,SF,21,PHO,63,730,17.8,0.527,0.014,0.396,12.1,10.4,11.2,7.7,1.4,0.4,12.3,31.3,,0.6,0.7,1.3,0.085,,0.3,-2.5,-2.1,0.0
67,59,Tom Chambers,PF,31,PHO,76,2475,16.2,0.513,0.057,0.361,4.8,16.2,10.8,11.5,1.2,1.2,10.7,27.2,,2.4,3.0,5.4,0.105,,-0.1,-0.8,-0.9,0.7
68,60,Rex Chapman,PG,23,CHH,70,2100,15.1,0.527,0.161,0.306,2.4,8.2,5.2,18.8,1.7,0.5,11.1,23.9,,2.0,1.0,3.0,0.069,,0.4,-0.9,-0.5,0.8
69,61,Maurice Cheeks*,PG,34,NYK,76,2147,14.2,0.548,0.041,0.267,1.2,7.9,4.6,28.3,3.0,0.3,16.7,13.2,,2.8,2.4,5.2,0.117,,-0.4,1.7,1.3,1.7
70,62,Derrick Chievous,SF,23,CLE,18,110,6.5,0.405,0.0,0.348,11.6,7.4,9.5,2.7,1.4,0.5,10.2,23.4,,-0.2,0.1,-0.1,-0.049,,-6.0,-3.6,-9.6,-0.2
71,63,Richard Coffey,SF,25,MIN,52,320,7.9,0.402,0.013,0.293,14.3,14.4,14.3,1.3,1.0,0.8,5.6,12.1,,0.1,0.1,0.2,0.037,,-3.9,-3.1,-7.0,-0.4
72,64,Derrick Coleman,PF,23,NJN,74,2602,17.6,0.527,0.035,0.402,10.4,20.5,15.3,9.8,1.3,2.2,14.4,23.3,,2.4,3.4,5.8,0.108,,0.7,-0.3,0.4,1.5
73,65,Bimbo Coles,PG,22,MIA,82,1355,10.4,0.461,0.087,0.242,4.5,8.1,6.3,24.1,2.3,0.5,18.4,16.0,,-0.1,1.2,1.1,0.038,,-2.7,0.3,-2.3,-0.1
74,66,Steve Colter,PG,28,SAC,19,251,9.5,0.48,0.25,0.179,2.2,9.7,5.9,21.3,2.2,0.3,15.4,12.4,,0.1,0.2,0.3,0.051,,-3.3,0.9,-2.4,0.0
75,67,Lester Conner,PG,31,TOT,74,1008,13.3,0.523,0.024,0.454,2.3,10.4,6.2,21.9,4.2,0.1,18.9,12.6,,0.7,1.4,2.1,0.102,,-2.0,3.0,1.0,0.8
76,67,Lester Conner,PG,31,NJN,35,489,13.0,0.56,0.018,0.378,2.3,10.3,6.1,16.6,3.7,0.1,17.3,12.9,,0.4,0.6,1.0,0.103,,-2.4,3.2,0.8,0.4
77,67,Lester Conner,PG,31,MIL,39,519,13.5,0.484,0.031,0.542,2.3,10.5,6.3,26.9,4.6,0.1,20.7,12.4,,0.3,0.8,1.1,0.101,,-1.7,2.9,1.2,0.4
78,68,Anthony Cook,PF,23,DEN,58,1121,10.7,0.452,0.011,0.456,10.3,17.9,13.7,2.6,1.3,3.4,12.8,12.3,,0.0,0.5,0.5,0.022,,-2.8,-1.2,-3.9,-0.6
79,69,Wayne Cooper,C,34,POR,67,746,8.3,0.45,0.007,0.29,8.1,19.6,13.9,3.6,0.4,5.0,11.9,10.1,,0.2,1.2,1.4,0.092,,-4.1,1.5,-2.6,-0.1
80,70,Tyrone Corbin,SF,28,MIN,82,3196,16.6,0.499,0.008,0.283,6.3,15.7,10.7,17.1,2.6,1.1,12.4,22.7,,2.6,2.9,5.4,0.081,,0.5,0.4,0.9,2.3
81,71,Dave Corzine,C,34,SEA,28,147,12.5,0.493,0.0,0.579,8.0,19.0,13.4,3.6,1.7,2.2,4.0,14.2,,0.2,0.2,0.4,0.117,,-1.6,-0.2,-1.8,0.0
82,72,Pat Cummings,PF,34,UTA,4,26,14.2,0.721,0.0,1.667,14.5,8.5,11.3,0.0,0.0,0.0,16.1,21.1,,0.1,0.0,0.1,0.208,,-2.5,-0.7,-3.2,0.0
83,73,Terry Cummings,PF,29,SAS,67,2195,16.3,0.514,0.032,0.231,10.3,15.6,13.1,11.3,1.4,0.8,10.3,24.2,,2.3,3.2,5.6,0.122,,0.5,-0.3,0.2,1.2
84,74,Earl Cureton,PF,33,CHH,9,159,2.4,0.336,0.042,0.125,4.2,22.3,13.0,2.4,0.0,1.2,19.2,8.4,,-0.2,0.1,-0.1,-0.041,,-6.6,-1.8,-8.5,-0.3
85,75,Dell Curry,SG,26,CHH,76,1515,17.0,0.524,0.12,0.159,3.5,11.9,7.5,18.0,2.4,1.0,9.5,23.8,,1.5,1.2,2.7,0.086,,1.4,0.4,1.9,1.5
86,76,Quintin Dailey,SG,30,SEA,30,299,14.5,0.505,0.006,0.4,4.3,8.5,6.4,8.4,1.2,0.2,9.4,28.3,,0.2,0.1,0.3,0.054,,-0.2,-2.6,-2.8,0.0
87,77,Adrian Dantley*,SF,35,MIL,10,126,12.1,0.464,0.06,0.52,7.4,4.8,6.1,10.4,2.0,0.0,8.9,23.0,,0.1,0.1,0.1,0.052,,-2.0,-2.2,-4.2,-0.1
88,78,Brad Daugherty,C,25,CLE,76,2946,19.9,0.583,0.003,0.501,7.0,25.7,16.3,13.9,1.3,0.9,13.0,24.0,,5.5,3.6,9.0,0.147,,2.2,0.0,2.2,3.1
89,79,Brad Davis,PG,35,DAL,80,1426,10.3,0.507,0.228,0.316,1.0,8.4,4.7,22.8,1.6,0.7,15.3,15.6,,0.8,0.8,1.6,0.054,,-3.0,0.1,-2.9,-0.3
90,80,Terry Davis,PF,23,MIA,55,996,11.7,0.516,0.008,0.525,11.8,18.2,14.9,5.5,0.9,1.7,11.0,13.4,,1.0,1.0,2.0,0.095,,-1.6,-0.5,-2.1,0.0
91,81,Walter Davis,SG,36,TOT,71,1483,15.5,0.506,0.042,0.136,4.5,7.9,6.1,12.2,2.3,0.1,8.8,24.6,,1.3,0.6,2.0,0.064,,-0.6,-1.1,-1.7,0.1
92,81,Walter Davis,SG,36,DEN,39,1044,17.1,0.514,0.049,0.141,4.3,7.1,5.6,11.7,2.5,0.2,8.2,26.0,,1.2,0.1,1.3,0.061,,0.1,-1.5,-1.5,0.1
93,81,Walter Davis,SG,36,POR,32,439,11.7,0.478,0.015,0.118,4.8,9.7,7.3,13.3,2.0,0.0,10.9,21.3,,0.1,0.5,0.6,0.071,,-2.2,0.0,-2.2,0.0
94,82,Johnny Dawkins,PG,27,PHI,4,124,22.8,0.687,0.098,0.268,0.0,14.2,7.2,37.1,1.2,0.0,14.9,19.0,,0.5,0.1,0.6,0.218,,4.6,0.0,4.6,0.2
95,83,Tony Dawson,SF,23,SAC,4,17,16.0,0.643,0.143,0.0,13.0,0.0,6.7,0.0,0.0,0.0,12.5,20.6,,0.0,0.0,0.0,0.06,,4.5,-2.8,1.7,0.0
96,84,Byron Dinkins,PG,23,TOT,12,149,4.6,0.474,0.0,0.265,0.0,8.5,4.5,16.6,0.7,0.0,25.5,14.3,,-0.2,0.1,0.0,-0.01,,-5.1,-1.7,-6.7,-0.2
97,84,Byron Dinkins,PG,23,SAS,10,144,4.5,0.46,0.0,0.273,0.0,8.0,4.2,17.2,0.7,0.0,26.0,14.5,,-0.2,0.1,0.0,-0.017,,-5.0,-1.7,-6.7,-0.2
98,84,Byron Dinkins,PG,23,IND,2,5,7.9,1.0,0.0,0.0,0.0,22.1,11.5,0.0,0.0,0.0,0.0,8.4,,0.0,0.0,0.0,0.18,,-7.5,-0.2,-7.7,0.0
99,85,Vlade Divac*,C,22,LAL,82,2310,17.7,0.606,0.022,0.438,10.8,22.2,16.7,5.8,2.3,3.3,16.1,17.1,,3.6,4.8,8.3,0.173,,0.2,2.1,2.3,2.5
100,86,James Donaldson,C,33,DAL,82,2800,12.3,0.572,0.0,0.372,8.2,21.4,14.8,3.5,0.6,2.1,16.9,13.6,,1.8,2.5,4.3,0.074,,-1.3,-0.7,-1.9,0.0
101,87,Sherman Douglas,PG,24,MIA,73,2562,18.0,0.546,0.029,0.392,3.3,5.8,4.6,39.2,2.3,0.1,17.9,24.0,,3.5,1.9,5.4,0.1,,2.4,-0.6,1.8,2.5
102,88,Greg Dreiling,C,28,IND,73,1031,8.7,0.539,0.01,0.541,7.6,20.3,14.2,6.4,1.1,1.7,19.2,12.1,,0.3,0.8,1.1,0.05,,-3.2,-0.5,-3.7,-0.4
103,89,Larry Drew,PG,32,LAL,48,496,10.3,0.516,0.264,0.176,1.2,6.5,4.0,32.4,1.5,0.1,26.7,16.1,,0.0,0.5,0.5,0.048,,-1.2,-0.7,-1.9,0.0
104,90,Clyde Drexler*,SG,28,POR,82,2852,22.1,0.563,0.143,0.392,8.3,12.8,10.6,25.7,2.4,1.3,12.9,25.7,,8.0,4.5,12.4,0.209,,5.2,1.7,6.8,6.4
105,91,Kevin Duckworth,C,26,POR,81,2511,12.7,0.525,0.002,0.287,7.9,15.4,11.7,5.1,0.6,0.8,13.2,22.8,,1.3,3.0,4.3,0.082,,-1.9,-1.4,-3.3,-0.8
106,92,Chris Dudley,C,25,NJN,61,1560,12.6,0.439,0.0,0.422,14.8,19.7,17.2,3.3,1.2,5.8,13.9,14.8,,-0.2,2.4,2.2,0.068,,-3.1,0.7,-2.5,-0.2
107,93,Joe Dumars*,SG,27,DET,80,3046,18.0,0.552,0.035,0.323,2.3,4.7,3.5,24.2,1.5,0.1,11.4,24.0,,6.8,3.1,9.9,0.155,,2.6,0.1,2.7,3.6
108,94,T.R. Dunn,SG,35,DEN,17,217,10.7,0.506,0.085,0.213,7.9,10.6,9.1,12.4,2.3,0.2,12.0,9.5,,0.3,0.0,0.3,0.066,,-2.5,-0.3,-2.8,0.0
109,95,Ledell Eackles,SG,24,WSB,67,1616,12.9,0.505,0.077,0.291,3.2,5.5,4.3,13.1,1.4,0.4,11.8,25.2,,0.3,0.9,1.2,0.035,,-1.5,-1.9,-3.3,-0.6
110,96,Mark Eaton,C,34,UTA,80,2580,9.5,0.599,0.0,0.384,8.9,20.8,15.2,2.6,0.8,4.5,22.5,7.6,,1.2,4.3,5.5,0.103,,-2.6,2.0,-0.6,0.9
111,97,Blue Edwards,SF,25,UTA,62,1611,10.4,0.559,0.052,0.252,4.0,10.3,7.3,10.1,1.8,1.1,16.9,17.1,,0.2,2.0,2.2,0.065,,-2.8,0.7,-2.2,-0.1
112,98,James Edwards,C,35,DET,72,1903,12.7,0.533,0.003,0.372,5.4,11.2,8.3,5.6,0.3,1.0,12.0,24.2,,1.5,2.0,3.5,0.088,,-2.0,-0.8,-2.7,-0.4
113,99,Kevin Edwards,SG,25,MIA,79,2000,13.7,0.468,0.091,0.23,4.4,7.1,5.7,18.8,3.1,1.4,13.8,24.1,,-0.6,2.2,1.6,0.039,,-0.9,0.7,-0.2,0.9
114,100,Craig Ehlo,SG,29,CLE,82,2766,12.0,0.498,0.193,0.181,6.0,10.3,8.1,19.5,2.2,0.7,16.1,15.7,,0.9,2.4,3.4,0.058,,-0.9,0.6,-0.4,1.1
115,101,Mario Elie,SF-SG,27,TOT,33,644,12.9,0.598,0.063,0.56,7.9,10.9,9.4,9.0,1.4,0.9,13.1,14.2,,1.3,0.3,1.6,0.122,,0.3,-0.5,-0.2,0.3
116,101,Mario Elie,SG,27,PHI,3,20,-3.6,0.381,0.286,0.286,0.0,5.5,2.8,7.0,0.0,0.0,27.6,23.8,,-0.1,0.0,-0.1,-0.247,,-10.3,-6.3,-16.6,-0.1
117,101,Mario Elie,SF,27,GSW,30,624,13.4,0.607,0.053,0.572,8.1,11.1,9.6,9.1,1.4,1.0,12.4,13.9,,1.4,0.3,1.7,0.134,,0.6,-0.3,0.3,0.4
118,102,Sean Elliott,SF,22,SAS,82,3044,14.2,0.564,0.066,0.412,5.4,10.8,8.3,11.1,1.1,0.7,11.3,17.8,,5.1,3.7,8.8,0.138,,0.7,0.1,0.8,2.1
119,103,Dale Ellis,SG,30,TOT,51,1424,17.0,0.542,0.219,0.231,5.4,9.1,7.3,10.6,1.7,0.4,9.3,26.0,,2.2,1.0,3.2,0.109,,1.9,-1.6,0.3,0.8
120,103,Dale Ellis,SG,30,SEA,30,800,16.0,0.527,0.228,0.215,4.1,9.7,6.9,12.2,2.1,0.2,10.3,25.0,,1.0,0.6,1.6,0.097,,0.8,-1.3,-0.5,0.3
121,103,Dale Ellis,SG,30,MIL,21,624,18.2,0.559,0.208,0.251,7.1,8.4,7.7,8.5,1.3,0.5,8.1,27.2,,1.2,0.4,1.6,0.124,,3.3,-2.1,1.2,0.5
122,104,Pervis Ellison,C,23,WSB,76,1942,15.9,0.542,0.009,0.336,12.6,20.4,16.5,7.7,1.2,4.8,16.7,18.8,,1.1,2.9,4.0,0.1,,-1.5,0.9,-0.6,0.7
123,105,A.J. English,SG,23,WSB,70,1443,10.6,0.48,0.054,0.274,5.0,6.2,5.6,18.0,0.9,0.6,15.1,21.8,,-0.5,0.7,0.2,0.008,,-2.1,-1.9,-3.9,-0.7
124,106,Alex English*,SF,37,DAL,79,1748,12.2,0.48,0.001,0.191,7.0,9.5,8.3,9.5,1.2,0.9,11.3,22.7,,-0.2,0.8,0.6,0.017,,-1.8,-1.9,-3.7,-0.8
125,107,Patrick Ewing*,C,28,NYK,81,3104,23.7,0.561,0.004,0.379,7.4,25.7,16.8,14.1,1.3,5.0,13.2,31.1,,4.4,5.6,10.0,0.155,,2.5,1.7,4.2,4.9
126,108,Jim Farmer,SG,26,TOT,27,456,12.2,0.507,0.103,0.291,5.6,9.0,7.1,10.9,1.2,0.2,13.1,22.5,,0.2,-0.1,0.1,0.01,,-1.4,-2.3,-3.7,-0.2
127,108,Jim Farmer,SG,26,PHI,2,13,10.9,0.381,0.143,0.286,17.6,25.4,21.6,0.0,0.0,0.0,11.3,29.8,,0.0,0.0,0.0,-0.068,,-6.1,-5.2,-11.3,0.0
128,108,Jim Farmer,SG,26,DEN,25,443,12.3,0.511,0.102,0.292,5.2,8.5,6.7,11.2,1.2,0.2,13.2,22.3,,0.2,-0.1,0.1,0.012,,-1.3,-2.2,-3.5,-0.2
129,109,Dave Feitl,C,28,HOU,52,372,8.2,0.43,0.021,0.314,8.4,20.2,14.3,3.0,0.4,1.9,13.6,20.4,,-0.4,0.5,0.2,0.022,,-6.0,-1.0,-7.0,-0.5
130,110,Duane Ferrell,SF,25,ATL,78,1165,12.4,0.559,0.008,0.438,8.8,7.9,8.4,6.8,1.4,1.4,15.5,17.8,,1.3,0.6,1.9,0.079,,-1.3,-1.1,-2.4,-0.1
131,111,Danny Ferry,PF,24,CLE,81,1661,10.9,0.491,0.12,0.236,6.9,13.0,10.0,13.0,1.3,0.9,14.5,21.8,,-0.4,1.3,1.0,0.028,,-2.9,-1.0,-4.0,-0.8
132,112,Vern Fleming,PG,28,IND,69,1929,17.2,0.571,0.027,0.329,5.1,7.5,6.4,27.9,1.9,0.4,15.1,19.7,,3.8,0.6,4.4,0.109,,2.6,-1.0,1.6,1.8
133,113,Sleepy Floyd,PG,30,HOU,82,1850,16.1,0.48,0.187,0.262,3.0,6.1,4.6,26.4,2.5,0.5,11.8,26.4,,1.3,2.3,3.7,0.096,,0.8,0.4,1.2,1.5
134,114,Greg Foster,PF,22,WSB,54,606,10.9,0.496,0.024,0.289,9.3,17.9,13.6,8.8,1.0,2.1,15.9,19.5,,-0.1,0.7,0.6,0.046,,-4.2,-0.3,-4.4,-0.4
135,115,Anthony Frederick,SF,26,SAC,35,475,11.2,0.455,0.0,0.357,8.4,11.8,10.0,14.4,2.3,1.7,17.1,21.6,,-0.5,0.5,0.0,-0.001,,-2.8,0.2,-2.6,-0.1
136,116,Corey Gaines,SG,25,DEN,10,226,15.2,0.51,0.3,0.371,1.5,4.6,2.9,46.6,1.9,0.5,22.0,16.3,,0.3,0.0,0.3,0.061,,0.9,-2.1,-1.2,0.0
137,117,Kevin Gamble,SF,25,BOS,82,2706,16.3,0.62,0.008,0.243,3.8,6.9,5.4,13.0,1.8,0.7,12.5,18.4,,6.0,2.3,8.3,0.147,,0.9,0.3,1.2,2.2
138,118,Winston Garland,PG,26,LAC,69,1702,12.1,0.48,0.05,0.303,2.9,9.8,6.3,25.6,2.7,0.4,16.5,16.8,,0.4,2.0,2.4,0.069,,-2.5,1.6,-0.9,0.5
139,119,Tom Garrick,SG,24,LAC,67,949,13.3,0.48,0.093,0.335,4.5,10.0,7.2,31.3,3.1,0.1,19.6,14.4,,0.6,1.2,1.8,0.089,,-1.8,1.8,0.0,0.5
140,120,Kenny Gattison,PF,26,CHH,72,1552,14.4,0.574,0.004,0.543,9.8,18.5,14.0,4.2,1.5,2.7,15.3,18.3,,1.4,1.5,3.0,0.092,,-1.7,-0.4,-2.2,-0.1
141,121,Tate George,PG,22,NJN,56,594,10.5,0.456,0.01,0.207,3.2,5.1,4.1,25.0,2.0,0.5,16.6,17.1,,0.0,0.4,0.4,0.032,,-2.7,-0.9,-3.6,-0.2
142,122,Derrick Gervin,PF,27,NJN,56,743,13.3,0.478,0.071,0.289,5.4,10.3,7.8,6.6,1.2,1.5,9.2,26.5,,0.2,0.6,0.8,0.054,,-1.5,-1.1,-2.6,-0.1
143,123,Kendall Gill,SG,22,CHH,82,1944,15.4,0.494,0.017,0.218,6.0,9.6,7.8,24.5,2.6,1.2,15.1,23.6,,0.2,1.6,1.8,0.044,,0.3,0.4,0.7,1.3
144,124,Armen Gilliam,PF,26,TOT,75,2644,15.5,0.542,0.002,0.329,9.4,16.2,12.8,6.2,1.3,1.2,13.2,21.6,,2.3,2.3,4.6,0.083,,-0.3,-1.5,-1.8,0.1
145,124,Armen Gilliam,PF,26,CHH,25,949,17.6,0.566,0.0,0.337,10.1,18.4,14.2,4.6,1.8,1.4,12.8,22.5,,1.1,0.9,2.0,0.102,,0.8,-1.1,-0.3,0.4
146,124,Armen Gilliam,PF,26,PHI,50,1695,14.3,0.527,0.003,0.324,9.1,14.9,12.1,7.1,1.0,1.1,13.4,21.1,,1.1,1.4,2.6,0.072,,-1.0,-1.7,-2.7,-0.3
147,125,Gerald Glass,SF,23,MIN,51,606,15.9,0.471,0.05,0.224,9.7,9.8,9.8,12.1,2.4,0.9,9.9,29.4,,0.1,0.4,0.5,0.036,,-0.2,-1.4,-1.6,0.1
148,126,Mike Gminski,C,31,TOT,80,2196,14.0,0.481,0.017,0.196,9.6,20.8,15.1,6.4,0.9,1.5,8.8,18.8,,0.9,2.0,2.9,0.063,,-0.3,-1.4,-1.7,0.2
149,126,Mike Gminski,C,31,PHI,30,791,12.7,0.436,0.028,0.222,10.3,18.1,14.3,6.1,1.0,2.5,9.0,18.9,,-0.1,0.9,0.7,0.045,,-1.4,-1.0,-2.4,-0.1
150,126,Mike Gminski,C,31,CHH,50,1405,14.7,0.505,0.011,0.181,9.2,22.4,15.6,6.5,0.8,1.0,8.7,18.8,,1.0,1.1,2.1,0.073,,0.3,-1.7,-1.4,0.2
151,127,Dan Godfread,C,23,MIN,10,20,20.3,0.472,0.083,0.333,0.0,12.4,5.8,0.0,2.6,12.7,0.0,29.6,,0.0,0.0,0.1,0.142,,-2.8,3.6,0.8,0.0
152,128,Jim Grandholm,PF,30,DAL,26,168,16.5,0.587,0.293,0.362,13.6,20.3,17.0,7.4,0.6,3.0,14.1,20.6,,0.3,0.2,0.4,0.123,,0.3,-1.1,-0.9,0.0
153,129,Gary Grant,PG,25,LAC,68,2105,12.1,0.476,0.066,0.126,3.5,7.3,5.3,38.2,2.4,0.3,25.3,16.0,,-0.4,2.1,1.7,0.038,,-1.3,-0.2,-1.5,0.2
154,130,Greg Grant,PG,24,NYK,22,107,9.2,0.439,0.111,0.222,1.1,9.4,5.4,25.4,4.3,0.0,25.2,16.2,,-0.1,0.2,0.0,0.012,,-5.1,1.8,-3.3,0.0
155,131,Harvey Grant,PF,25,WSB,77,2842,16.5,0.527,0.012,0.203,6.9,14.6,10.7,11.2,1.6,1.3,8.6,21.4,,3.7,3.0,6.7,0.112,,0.7,-0.1,0.7,1.9
156,132,Horace Grant,PF,25,CHI,78,2641,17.6,0.585,0.008,0.378,12.0,17.3,14.7,8.8,1.8,1.6,9.7,15.3,,6.6,3.8,10.3,0.188,,2.2,0.3,2.5,3.0
157,133,Stuart Gray,C,27,NYK,8,37,5.1,0.413,0.0,0.25,6.4,24.3,15.5,0.0,0.0,1.6,13.1,18.1,,-0.1,0.0,0.0,-0.013,,-7.0,-2.8,-9.8,-0.1
158,134,Jeff Grayer,SG,25,MIL,82,1422,11.8,0.474,0.006,0.303,9.1,11.5,10.3,12.5,1.7,0.4,13.5,19.2,,0.3,1.2,1.5,0.049,,-1.0,-1.2,-2.2,-0.1
159,135,A.C. Green,PF,27,LAL,82,2164,13.8,0.556,0.101,0.557,11.3,16.2,13.8,4.5,1.4,0.6,12.8,15.6,,3.2,2.9,6.1,0.135,,0.1,-0.2,0.0,1.1
160,136,Rickey Green,PG,36,PHI,79,2248,13.1,0.506,0.05,0.195,1.7,5.1,3.4,27.4,1.3,0.2,12.1,17.3,,2.3,1.0,3.3,0.07,,-0.6,-1.5,-2.0,0.0
161,137,Sidney Green,PF,30,SAS,66,1099,11.6,0.515,0.008,0.273,10.4,20.5,15.7,6.8,1.4,0.7,17.1,19.7,,0.1,1.9,1.9,0.085,,-3.3,0.0,-3.3,-0.4
162,138,Dave Greenwood,PF,33,SAS,63,1018,7.8,0.568,0.012,0.556,7.0,16.5,12.0,6.6,1.4,1.5,25.2,11.5,,0.0,1.6,1.7,0.079,,-4.1,1.6,-2.5,-0.1
163,139,Darrell Griffith,SG,32,UTA,75,1005,8.6,0.463,0.31,0.101,2.1,8.0,5.3,5.8,2.1,0.4,9.4,22.6,,-1.1,1.2,0.0,0.002,,-4.0,-0.5,-4.5,-0.6
164,140,Scott Haffner,PG,24,CHH,7,50,9.9,0.388,0.095,0.095,4.5,4.7,4.6,26.9,3.0,1.2,15.5,22.1,,-0.1,0.0,-0.1,-0.058,,-3.7,-0.5,-4.1,0.0
165,141,Jack Haley,PF,27,NJN,78,1178,11.8,0.513,0.0,0.528,12.0,20.0,15.8,3.8,0.8,1.0,13.0,16.6,,0.9,1.3,2.2,0.09,,-3.1,-1.5,-4.6,-0.8
166,142,Tom Hammonds,PF,23,WSB,70,1023,9.6,0.495,0.012,0.235,6.2,15.9,11.0,6.0,0.7,0.4,12.7,17.3,,0.0,0.8,0.8,0.038,,-3.4,-1.2,-4.7,-0.7
167,143,Bob Hansen,SG,30,SAC,36,811,8.1,0.421,0.27,0.141,4.5,9.1,6.7,16.7,1.2,0.4,11.1,16.5,,-0.5,0.4,-0.1,-0.004,,-3.0,-0.4,-3.4,-0.3
168,144,Tim Hardaway,PG,24,GSW,82,3215,20.9,0.547,0.162,0.246,3.0,8.4,5.7,36.8,3.1,0.2,13.6,24.7,,7.4,2.5,9.9,0.148,,4.5,-0.1,4.4,5.2
169,145,Derek Harper,PG,29,DAL,77,2879,19.4,0.543,0.201,0.319,2.3,6.9,4.6,30.7,2.6,0.3,11.2,24.2,,5.7,2.0,7.6,0.127,,3.1,0.0,3.1,3.7
170,146,Ron Harper,SG,27,LAC,39,1383,14.5,0.463,0.203,0.298,4.4,10.3,7.3,23.2,2.3,1.5,13.5,28.0,,-0.8,1.6,0.9,0.03,,0.6,0.4,1.0,1.0
171,147,Tony Harris,SG,23,PHI,6,41,-5.0,0.282,0.125,0.25,0.0,2.7,1.4,0.0,1.2,0.0,14.5,22.1,,-0.2,0.0,-0.2,-0.248,,-12.1,-4.3,-16.4,-0.1
172,148,Scott Hastings,PF,30,DET,27,113,15.8,0.712,0.143,0.464,14.1,14.2,14.2,9.3,0.0,0.0,17.2,15.8,,0.4,0.1,0.5,0.216,,1.1,-0.2,0.9,0.1
173,149,Hersey Hawkins,SG,24,PHI,80,3110,19.4,0.592,0.216,0.44,1.8,9.3,5.6,15.3,2.9,0.7,12.5,24.0,,6.5,3.3,9.8,0.151,,2.4,0.9,3.3,4.1
174,150,Gerald Henderson,PG,35,DET,23,392,10.1,0.487,0.179,0.179,2.3,8.5,5.4,23.3,1.6,0.3,18.2,17.3,,0.0,0.5,0.5,0.061,,-2.3,0.7,-1.6,0.0
175,151,Steve Henson,PG,22,MIL,68,690,11.5,0.516,0.286,0.222,2.4,6.5,4.4,26.2,2.3,0.0,17.2,15.6,,0.7,0.6,1.2,0.085,,-1.5,-0.1,-1.6,0.1
176,152,Mike Higgins,SF,23,SAC,7,61,4.1,0.612,0.0,0.7,7.2,1.9,4.6,4.8,0.0,2.1,23.4,12.2,,0.0,0.0,0.0,0.017,,-6.3,-1.7,-8.0,-0.1
177,153,Rod Higgins,SF,31,GSW,82,2024,13.4,0.589,0.394,0.404,5.9,13.3,9.6,7.2,1.2,1.1,9.0,14.3,,4.2,1.2,5.3,0.127,,1.3,-0.6,0.7,1.4
178,154,Sean Higgins,SF,22,SAS,50,464,9.1,0.497,0.09,0.156,4.5,10.2,7.5,11.6,0.8,0.1,17.8,24.8,,-0.5,0.5,0.0,0.0,,-4.4,-2.1,-6.5,-0.5
179,155,Tyrone Hill,PF,22,GSW,74,1192,10.5,0.533,0.0,0.508,14.5,20.9,17.7,2.1,1.3,1.5,16.4,14.7,,0.9,1.1,2.1,0.084,,-3.3,-1.4,-4.7,-0.8
180,156,Roy Hinson,PF,29,NJN,9,91,11.1,0.508,0.0,0.077,6.7,15.6,11.0,7.1,0.0,1.9,13.0,20.5,,0.0,0.1,0.1,0.036,,-3.6,-1.0,-4.6,-0.1
181,157,Craig Hodges,SG,30,CHI,73,843,12.4,0.509,0.334,0.078,1.4,4.4,2.9,15.4,2.0,0.1,9.0,19.8,,1.0,0.8,1.7,0.099,,-0.8,-0.9,-1.7,0.1
182,158,Dave Hoppen,C,26,TOT,30,155,11.7,0.596,0.045,0.5,13.1,15.7,14.4,2.9,1.0,0.4,19.5,18.5,,0.1,0.1,0.2,0.073,,-3.5,-2.8,-6.2,-0.2
183,158,Dave Hoppen,C,26,CHH,19,112,11.2,0.604,0.031,0.313,14.0,16.9,15.4,4.0,0.9,0.6,24.8,18.4,,0.0,0.1,0.1,0.038,,-3.3,-2.5,-5.9,-0.1
184,158,Dave Hoppen,C,26,PHI,11,43,13.2,0.579,0.083,1.0,10.7,12.8,11.7,0.0,1.2,0.0,5.5,18.6,,0.1,0.0,0.1,0.164,,-3.8,-3.4,-7.2,-0.1
185,159,Dennis Hopson,SF,25,CHI,61,728,10.0,0.471,0.02,0.34,8.0,9.6,8.8,11.5,1.7,1.2,17.4,19.9,,-0.3,0.8,0.5,0.035,,-3.1,-0.9,-4.0,-0.4
186,160,Jeff Hornacek,SG,27,PHO,80,2733,17.8,0.587,0.139,0.213,3.1,9.4,6.4,21.2,1.9,0.3,10.2,19.1,,6.9,2.8,9.7,0.171,,2.6,0.7,3.3,3.7
187,161,Jay Humphries,PG,28,MIL,80,2726,17.4,0.57,0.168,0.249,2.4,7.3,4.8,29.7,2.4,0.2,12.4,19.1,,6.3,2.3,8.6,0.152,,2.1,0.0,2.1,2.9
188,162,Byron Irvin,SG,24,WSB,33,316,17.5,0.549,0.039,0.473,8.3,7.3,7.8,11.4,2.3,0.4,9.3,22.7,,0.7,0.3,0.9,0.143,,0.8,0.1,0.8,0.2
189,163,Mark Jackson,PG,25,NYK,72,1595,18.2,0.545,0.1,0.315,4.6,9.5,7.1,42.2,1.9,0.3,18.9,19.5,,2.7,1.5,4.2,0.126,,3.1,-0.6,2.5,1.8
190,164,Dave Jamerson,SG,23,HOU,37,202,12.2,0.452,0.168,0.239,4.8,11.0,7.9,20.8,1.4,0.3,13.8,29.5,,-0.1,0.2,0.1,0.026,,-2.7,-1.0,-3.6,-0.1
191,165,Henry James,PF,25,CLE,37,505,14.7,0.525,0.236,0.283,6.0,12.1,9.1,10.6,1.5,0.6,11.5,27.9,,0.2,0.4,0.6,0.053,,-0.1,-2.0,-2.1,0.0
192,166,Les Jepsen,C,23,GSW,21,105,7.7,0.35,0.028,0.25,17.8,21.0,19.4,1.2,0.4,1.7,7.0,16.3,,-0.1,0.1,0.0,0.01,,-4.6,-4.5,-9.2,-0.2
193,167,Avery Johnson,PG,25,TOT,68,959,13.4,0.507,0.032,0.314,2.4,6.0,4.3,31.4,2.3,0.2,19.0,16.2,,0.7,0.9,1.6,0.082,,-0.3,0.1,-0.2,0.4
194,167,Avery Johnson,PG,25,DEN,21,217,14.2,0.481,0.059,0.471,3.6,5.8,4.6,41.5,2.7,0.5,24.8,17.7,,0.0,0.0,0.1,0.014,,-0.4,-2.2,-2.6,0.0
195,167,Avery Johnson,PG,25,SAS,47,742,13.2,0.517,0.024,0.263,2.0,6.1,4.2,28.5,2.2,0.2,16.8,15.7,,0.7,0.9,1.6,0.101,,-0.3,0.8,0.5,0.5
196,168,Buck Johnson,SF,27,HOU,73,2279,12.9,0.512,0.017,0.247,5.1,10.3,7.7,9.2,1.7,1.2,11.2,19.7,,1.6,3.0,4.6,0.097,,-1.5,0.7,-0.8,0.7
197,169,Eddie Johnson,SG,31,TOT,81,2085,17.8,0.548,0.107,0.229,6.0,9.3,7.7,8.5,1.4,0.3,9.0,27.2,,4.3,1.2,5.5,0.127,,1.9,-2.1,-0.3,0.9
198,169,Eddie Johnson,SG,31,PHO,15,312,14.5,0.511,0.113,0.156,5.9,10.0,8.1,8.7,1.4,0.4,10.8,29.1,,0.0,0.3,0.3,0.051,,-1.0,-2.2,-3.2,-0.1
199,169,Eddie Johnson,SG,31,SEA,66,1773,18.4,0.555,0.106,0.244,6.1,9.2,7.6,8.5,1.4,0.3,8.6,26.9,,4.2,0.9,5.2,0.14,,2.4,-2.1,0.2,1.0
200,170,Kevin Johnson,PG,24,PHO,77,2772,23.7,0.604,0.038,0.538,2.2,8.1,5.3,40.7,2.8,0.2,16.0,24.8,,9.5,3.3,12.7,0.22,,5.5,1.1,6.6,6.0
201,171,Magic Johnson*,PG,31,LAL,79,2933,25.1,0.623,0.256,0.587,4.3,16.9,10.9,49.3,1.8,0.3,20.4,22.9,,11.2,4.2,15.4,0.251,,7.0,1.9,9.0,8.1
202,172,Steve Johnson,C,33,GSW,24,228,9.6,0.568,0.0,0.587,8.7,18.8,13.8,9.9,0.8,1.0,24.0,18.3,,0.0,0.2,0.2,0.034,,-3.9,-0.6,-4.5,-0.1
203,173,Vinnie Johnson,SG,34,DET,82,2390,12.8,0.466,0.036,0.223,5.2,8.2,6.7,17.8,1.6,0.4,10.3,21.0,,1.0,2.8,3.8,0.077,,-0.9,0.6,-0.2,1.1
204,174,Charles Jones,C,33,WSB,62,1499,9.4,0.558,0.0,0.403,8.6,17.6,13.1,4.0,1.7,4.9,24.0,5.3,,0.6,2.3,2.9,0.092,,-3.4,2.9,-0.5,0.6
205,175,Michael Jordan*,SG,27,CHI,82,3034,31.6,0.605,0.051,0.365,4.6,14.3,9.5,25.2,3.7,1.7,8.7,32.9,,14.9,5.4,20.3,0.321,,8.9,3.2,12.0,10.8
206,176,Shawn Kemp,PF,21,SEA,81,2442,17.6,0.551,0.013,0.48,12.9,20.5,16.6,8.5,1.6,3.3,15.5,22.4,,3.1,3.0,6.1,0.121,,0.1,-0.2,0.0,1.2
207,177,Steve Kerr,PG,25,CLE,57,905,10.9,0.55,0.278,0.238,0.6,4.1,2.4,20.3,1.6,0.3,14.0,13.8,,0.9,0.4,1.3,0.071,,-1.3,-0.5,-1.8,0.0
208,178,Jerome Kersey,SF,28,POR,73,2359,15.6,0.526,0.015,0.369,8.0,14.5,11.3,13.4,2.0,2.0,12.6,20.3,,2.9,3.8,6.7,0.136,,0.4,1.4,1.9,2.3
209,179,Alec Kessler,C,24,MIA,78,1259,8.4,0.462,0.009,0.28,10.0,20.0,14.9,3.7,0.7,1.3,17.0,20.5,,-1.4,1.2,-0.1,-0.005,,-5.4,-2.0,-7.5,-1.7
210,180,Randolph Keys,SF,24,CHH,44,473,7.3,0.439,0.097,0.228,9.5,15.0,12.2,5.4,2.3,2.0,18.0,17.5,,-0.6,0.5,-0.2,-0.018,,-5.7,-0.1,-5.8,-0.5
211,181,Bo Kimble,SG,24,LAC,62,1004,7.7,0.456,0.156,0.285,4.4,8.4,6.4,10.8,1.4,0.5,14.1,22.1,,-0.8,0.8,0.0,0.0,,-4.9,-1.0,-5.9,-1.0
212,182,Bernard King*,SF,34,WSB,64,2401,19.1,0.527,0.024,0.321,5.2,9.4,7.3,21.8,1.1,0.4,12.9,34.4,,1.9,1.6,3.5,0.07,,2.8,-1.7,1.1,1.8
213,183,Stacey King,PF,24,CHI,76,1198,10.2,0.523,0.006,0.455,7.2,13.2,10.2,6.9,1.0,2.2,18.5,17.6,,0.1,1.4,1.5,0.059,,-3.1,-0.5,-3.6,-0.5
214,184,Greg Kite,C,29,ORL,82,2225,7.4,0.504,0.0,0.364,9.0,20.1,14.4,3.5,0.5,2.2,20.6,9.0,,0.0,2.0,2.0,0.043,,-3.8,0.3,-3.5,-0.8
215,185,Joe Kleine,C,29,BOS,72,850,9.9,0.519,0.009,0.317,10.1,20.7,15.8,3.0,0.9,0.9,17.6,14.9,,0.2,1.0,1.2,0.069,,-3.2,-1.1,-4.3,-0.5
216,186,Negele Knight,PG,23,PHO,64,792,12.1,0.471,0.081,0.383,2.9,6.7,4.9,32.6,1.2,0.5,17.4,22.4,,0.0,0.6,0.6,0.037,,-0.9,-1.7,-2.7,-0.1
217,187,Bart Kofoed,SG,26,GSW,5,21,0.7,0.266,0.0,2.0,10.5,5.2,7.9,21.2,0.0,0.0,26.2,14.5,,0.0,0.0,-0.1,-0.116,,-6.1,-3.4,-9.4,0.0
218,188,Jon Koncak,C,27,ATL,77,1931,8.4,0.454,0.025,0.168,5.5,16.0,10.6,8.3,1.9,2.4,12.7,8.4,,0.6,1.9,2.5,0.062,,-2.7,1.9,-0.7,0.6
219,189,Frank Kornet,PF,24,MIL,32,157,6.2,0.428,0.29,0.21,7.5,10.8,9.1,8.3,1.6,0.4,14.0,21.5,,-0.2,0.1,-0.1,-0.023,,-5.8,-2.4,-8.2,-0.2
220,190,Bill Laimbeer,C,33,DET,82,2668,14.2,0.536,0.161,0.189,7.4,24.2,15.8,8.8,0.7,1.3,10.4,15.5,,3.6,4.4,8.0,0.144,,0.2,1.3,1.5,2.3
221,191,Jerome Lane,PF,24,DEN,62,1383,12.8,0.443,0.009,0.306,17.4,22.5,19.7,10.6,1.6,0.5,16.7,16.0,,0.1,0.5,0.6,0.021,,-1.6,-2.4,-4.0,-0.7
222,192,Andrew Lang,C,24,PHO,63,1152,13.6,0.632,0.005,0.688,11.3,17.2,14.4,2.9,0.7,6.3,15.5,10.3,,1.9,1.8,3.7,0.155,,-1.0,2.2,1.2,0.9
223,193,Eric Leckner,C,24,TOT,72,1122,7.5,0.473,0.0,0.378,8.1,22.4,15.1,5.0,0.6,1.2,16.8,15.8,,-0.8,1.0,0.2,0.007,,-5.5,-1.2,-6.6,-1.3
224,193,Eric Leckner,C,24,SAC,32,378,5.6,0.436,0.0,0.281,7.9,18.5,13.0,7.0,0.5,1.9,18.8,15.4,,-0.5,0.3,-0.1,-0.018,,-6.7,-0.5,-7.2,-0.5
225,193,Eric Leckner,C,24,CHH,40,744,8.4,0.489,0.0,0.424,8.3,24.3,16.1,4.0,0.7,0.9,15.8,16.0,,-0.3,0.6,0.3,0.02,,-4.8,-1.5,-6.3,-0.8
226,194,Kurk Lee,PG,23,NJN,48,265,5.6,0.396,0.211,0.394,2.7,9.5,5.9,16.8,2.0,0.4,19.4,15.7,,-0.3,0.2,-0.1,-0.013,,-6.4,0.1,-6.3,-0.3
227,195,Tim Legler,SG,24,DEN,10,148,6.4,0.389,0.167,0.083,4.7,7.1,5.7,9.9,0.6,0.0,5.1,18.7,,-0.1,-0.1,-0.1,-0.046,,-4.7,-3.8,-8.5,-0.2
228,196,Gary Leonard,C,23,ATL,4,9,8.7,0.568,,,0.0,25.1,12.1,0.0,0.0,6.7,0.0,8.1,,0.0,0.0,0.0,0.114,,-6.3,1.1,-5.2,0.0
229,197,Jim Les,PG,27,SAC,55,1399,13.7,0.63,0.575,0.384,1.4,7.7,4.5,30.6,2.1,0.2,19.3,12.1,,2.7,0.9,3.6,0.125,,0.1,-0.2,-0.1,0.7
230,198,Clifford Lett,PG,25,SAS,7,99,6.9,0.516,0.034,0.31,1.2,6.4,3.9,9.8,1.0,0.6,19.5,17.2,,-0.1,0.1,0.0,0.014,,-5.1,-0.1,-5.2,-0.1
231,199,Fat Lever,SG,30,DAL,4,86,13.5,0.497,0.13,0.609,4.0,15.9,9.9,19.5,3.6,2.2,25.5,20.2,,-0.1,0.1,0.0,0.014,,-2.5,2.8,0.3,0.0
232,200,Cliff Levingston,PF,30,CHI,78,1013,11.5,0.488,0.014,0.323,11.7,14.4,13.1,7.0,1.4,2.7,13.4,15.7,,0.7,1.4,2.0,0.095,,-2.7,-0.1,-2.9,-0.2
233,201,Reggie Lewis,SG,25,BOS,79,2878,16.2,0.54,0.011,0.279,5.0,10.3,7.9,9.6,1.7,1.7,9.7,22.2,,4.5,3.0,7.5,0.124,,0.6,0.1,0.7,1.9
234,202,Marcus Liberty,SF,22,DEN,76,1171,10.4,0.458,0.111,0.179,8.6,9.3,8.9,6.8,1.7,0.9,11.4,18.8,,-0.1,0.1,-0.1,-0.004,,-2.4,-2.1,-4.5,-0.7
235,203,Todd Lichti,SG,24,DEN,29,860,13.6,0.496,0.124,0.183,4.9,7.7,6.1,10.5,2.3,0.5,7.5,18.1,,0.9,0.1,1.0,0.055,,-1.0,-1.2,-2.2,-0.1
236,204,Alton Lister,C,32,GSW,77,1552,10.7,0.509,0.003,0.514,8.6,25.7,17.1,7.7,0.6,3.4,18.0,15.1,,0.2,1.7,1.9,0.058,,-3.2,0.3,-2.9,-0.3
237,205,Ian Lockhart,SF,23,PHO,1,2,76.3,1.064,0.0,2.0,0.0,0.0,0.0,0.0,0.0,0.0,0.0,38.3,,0.0,0.0,0.0,1.084,,31.5,8.4,39.9,0.0
238,206,Brad Lohaus,PF,26,MIL,81,1219,11.9,0.488,0.287,0.13,5.7,15.7,10.6,8.9,2.0,3.9,12.0,17.6,,0.1,1.7,1.8,0.071,,-2.0,1.2,-0.8,0.4
239,207,Grant Long,PF,24,MIA,80,2514,12.2,0.554,0.011,0.41,9.8,15.5,12.6,9.7,2.3,1.0,19.1,13.3,,2.0,3.0,5.0,0.095,,-1.4,1.1,-0.3,1.1
240,208,John Long,SG,34,DET,25,256,11.9,0.5,0.071,0.294,4.0,10.3,7.1,10.5,1.8,0.5,12.7,18.9,,0.1,0.3,0.5,0.09,,-1.5,1.5,0.0,0.1
241,209,Rick Mahorn,C,32,PHI,80,2439,11.8,0.535,0.016,0.429,7.1,21.2,14.3,6.8,1.6,1.4,16.0,14.2,,1.3,3.1,4.4,0.086,,-2.3,0.6,-1.7,0.1
242,210,Dan Majerle,SF,25,PHO,77,2281,16.9,0.552,0.105,0.363,8.5,11.4,10.0,12.9,2.2,1.0,10.7,19.1,,4.4,2.8,7.2,0.152,,2.0,0.7,2.7,2.7
243,211,Jeff Malone,SG,29,UTA,69,2466,14.4,0.56,0.006,0.244,1.8,7.6,4.9,9.7,1.0,0.2,8.6,22.5,,3.1,2.0,5.1,0.1,,-0.8,-1.1,-2.0,0.0
244,212,Karl Malone*,PF,27,UTA,82,3302,24.8,0.596,0.009,0.552,9.0,24.5,17.2,14.7,1.4,1.5,10.9,30.1,,9.9,5.6,15.5,0.225,,4.8,0.6,5.4,6.2
245,213,Moses Malone*,C,35,ATL,82,1912,18.2,0.57,0.012,0.622,15.0,23.4,19.1,5.1,0.8,2.3,15.2,19.4,,3.8,1.8,5.6,0.14,,1.2,-1.7,-0.5,0.7
246,214,Danny Manning,PF,24,LAC,73,2197,16.9,0.557,0.003,0.338,8.1,12.8,10.4,13.9,2.6,1.7,15.3,22.7,,2.2,3.0,5.2,0.113,,0.7,1.4,2.0,2.2
247,215,Šarūnas Marčiulionis*,SG,26,GSW,50,987,16.3,0.576,0.016,0.674,5.7,7.5,6.6,12.0,2.9,0.2,13.7,22.2,,1.8,0.7,2.5,0.121,,0.0,0.1,0.1,0.5
248,216,Jeff Martin,PG,24,LAC,74,1334,10.0,0.475,0.174,0.197,4.2,6.4,5.3,7.0,1.3,1.4,8.2,18.3,,0.2,1.1,1.3,0.046,,-1.9,-0.5,-2.4,-0.1
249,217,Anthony Mason,PF,24,DEN,3,21,15.7,0.665,0.0,2.0,12.3,10.0,11.2,0.0,2.0,0.0,0.0,12.6,,0.1,0.0,0.1,0.22,,-0.7,-1.7,-2.4,0.0
250,218,Tony Massenburg,PF,23,SAS,35,161,16.3,0.514,0.0,0.75,16.7,22.8,19.9,3.6,1.2,3.4,14.0,24.0,,0.1,0.3,0.4,0.129,,-2.5,-0.9,-3.4,-0.1
251,219,Vernon Maxwell,SG,25,HOU,82,2870,13.5,0.507,0.409,0.237,1.5,7.3,4.4,15.5,2.2,0.3,11.0,22.2,,2.5,3.5,5.9,0.099,,0.1,0.5,0.6,1.9
252,220,Travis Mays,PG,22,SAC,64,2145,12.3,0.526,0.272,0.457,2.8,6.7,4.7,18.3,1.9,0.3,15.5,21.0,,0.8,1.3,2.1,0.047,,-0.8,-1.1,-1.9,0.0
253,221,George McCloud,SF,23,IND,74,1070,7.9,0.46,0.353,0.14,3.9,8.6,6.3,18.7,1.8,0.6,19.6,18.2,,-0.8,0.4,-0.4,-0.018,,-2.9,-1.4,-4.3,-0.6
254,222,Tim McCormick,C,28,ATL,56,689,11.9,0.556,0.016,0.481,8.6,17.9,13.1,6.5,0.8,1.2,16.6,16.3,,0.6,0.5,1.1,0.075,,-2.2,-1.0,-3.2,-0.2
255,223,Rodney McCray,PF,29,DAL,74,2561,14.6,0.551,0.057,0.292,6.8,18.1,12.5,14.7,1.4,1.2,14.4,15.5,,3.1,2.3,5.3,0.1,,0.4,0.6,1.0,1.9
256,224,Xavier McDaniel,SF,27,TOT,81,2634,15.2,0.527,0.007,0.225,7.6,15.5,11.7,10.5,1.4,1.0,12.4,23.2,,2.2,3.0,5.1,0.094,,-0.1,-0.4,-0.5,1.0
257,224,Xavier McDaniel,SF,27,SEA,15,529,17.3,0.51,0.01,0.238,8.0,10.3,9.2,11.6,2.5,0.5,11.1,28.6,,0.4,0.5,0.9,0.082,,1.6,-0.8,0.8,0.4
258,224,Xavier McDaniel,SF,27,PHO,66,2105,14.7,0.532,0.006,0.221,7.5,16.8,12.4,10.2,1.1,1.1,12.8,21.8,,1.7,2.5,4.2,0.096,,-0.5,-0.3,-0.9,0.6
259,225,Kevin McHale*,PF,33,BOS,68,2067,21.2,0.606,0.041,0.302,8.4,16.5,12.8,8.8,0.6,4.0,11.9,23.9,,5.3,2.6,7.9,0.182,,2.6,0.5,3.1,2.7
260,226,Derrick McKey,SF,24,SEA,73,2503,15.7,0.575,0.022,0.328,8.1,12.2,10.1,9.6,1.8,1.5,14.0,18.9,,4.3,2.1,6.4,0.123,,1.3,-0.2,1.1,1.9
261,227,Nate McMillan,SG,26,SEA,78,1434,13.9,0.489,0.157,0.305,5.8,15.2,10.5,32.8,3.6,0.9,26.1,13.7,,0.8,2.0,2.8,0.093,,-0.2,2.6,2.4,1.6
262,228,Mark McNamara,C,31,ORL,2,13,1.0,0.0,0.0,0.0,0.0,34.5,16.8,0.0,0.0,0.0,0.0,3.1,,0.0,0.0,0.0,-0.019,,-6.9,-0.5,-7.4,0.0
263,229,Scott Meents,PF,27,SEA,13,53,9.4,0.286,0.036,0.143,6.7,16.0,11.3,20.2,6.6,4.9,16.8,28.3,,-0.3,0.1,-0.1,-0.117,,-5.0,3.6,-1.4,0.0
264,230,Reggie Miller*,SG,25,IND,82,2972,21.2,0.65,0.277,0.515,3.2,7.4,5.4,16.6,1.8,0.3,10.2,22.5,,11.7,0.8,12.5,0.202,,5.3,-1.1,4.2,4.6
265,231,Terry Mills,PF,23,TOT,55,819,13.6,0.497,0.014,0.229,9.5,19.3,14.1,5.5,1.9,2.0,11.9,16.8,,0.4,0.9,1.3,0.078,,-2.1,-0.5,-2.7,-0.1
266,231,Terry Mills,PF,23,DEN,17,279,14.5,0.494,0.017,0.183,9.6,21.4,14.9,7.3,2.4,1.7,12.2,18.7,,0.1,0.2,0.3,0.053,,-1.7,-0.7,-2.4,0.0
267,231,Terry Mills,PF,23,NJN,38,540,13.1,0.499,0.012,0.262,9.5,18.2,13.7,4.6,1.7,2.2,11.8,15.8,,0.3,0.7,1.0,0.091,,-2.4,-0.4,-2.8,-0.1
268,232,Sam Mitchell,PF,27,MIN,82,3121,12.3,0.505,0.009,0.392,6.6,13.2,9.7,6.3,1.1,1.2,8.1,17.8,,3.7,1.4,5.1,0.078,,-1.8,-1.3,-3.2,-0.9
269,233,Paul Mokeski,C,34,GSW,36,257,6.6,0.434,0.153,0.254,8.6,20.1,14.4,4.3,1.4,0.7,9.6,11.3,,0.1,0.2,0.3,0.056,,-4.5,-0.5,-5.0,-0.2
270,234,Sidney Moncrief*,SG,33,ATL,72,1096,11.2,0.589,0.267,0.438,3.0,10.0,6.4,12.8,2.2,0.5,18.7,13.3,,1.1,0.8,1.8,0.079,,-1.6,0.9,-0.7,0.4
271,235,Chris Morris,SF,25,NJN,79,2553,14.7,0.487,0.186,0.254,8.3,13.3,10.7,12.8,2.6,2.2,13.5,19.5,,1.2,3.4,4.5,0.085,,-0.1,1.1,1.0,1.9
272,236,John Morton,SF,23,CLE,66,1207,12.2,0.533,0.044,0.507,4.0,5.9,5.0,27.9,2.5,0.9,24.2,16.0,,0.5,1.0,1.5,0.058,,-1.4,0.2,-1.2,0.2
273,237,Chris Mullin*,SF,27,GSW,82,3315,21.4,0.618,0.092,0.4,4.7,10.0,7.4,14.9,2.4,1.1,12.6,23.5,,9.7,2.4,12.2,0.176,,4.5,0.1,4.7,5.6
274,238,Chris Munk,PF,23,UTA,11,29,14.5,0.529,0.0,1.714,21.7,34.3,28.4,4.9,1.7,4.3,28.9,26.4,,0.0,0.1,0.0,0.048,,-3.8,0.9,-2.9,0.0
275,239,Tod Murphy,PF,27,MIN,52,1063,10.6,0.459,0.075,0.463,9.4,19.0,13.9,7.7,1.2,1.2,10.5,12.4,,0.6,0.7,1.4,0.062,,-2.0,-0.6,-2.7,-0.2
276,240,Jerrod Mustaf,PF,21,NYK,62,825,8.3,0.503,0.004,0.382,7.3,16.1,11.8,6.2,0.9,1.0,18.6,17.3,,-0.4,0.8,0.4,0.022,,-4.4,-0.6,-5.0,-0.6
277,241,Pete Myers,SG,27,SAS,8,103,7.1,0.521,0.043,0.478,2.3,16.3,9.7,17.8,1.4,1.8,33.5,16.9,,-0.2,0.2,0.0,-0.002,,-5.7,1.2,-4.5,-0.1
278,242,Larry Nance,PF,31,CLE,80,2927,20.6,0.567,0.007,0.273,8.0,19.2,13.6,13.4,1.1,4.1,8.8,22.2,,6.1,3.6,9.8,0.16,,2.5,1.1,3.6,4.2
279,243,Craig Neal,PG,26,DEN,10,125,8.2,0.492,0.257,0.629,1.4,11.7,6.0,33.8,1.4,0.0,29.8,18.0,,-0.1,0.0,-0.1,-0.047,,-5.0,-3.1,-8.2,-0.2
280,244,Ed Nealy,PF,30,PHO,55,573,11.3,0.541,0.165,0.392,8.8,19.4,14.4,7.6,2.0,0.4,14.3,9.4,,0.6,0.8,1.5,0.122,,-0.3,1.4,1.1,0.4
281,245,Johnny Newman,SF,27,CHH,81,2477,15.1,0.559,0.083,0.468,4.2,7.6,5.9,11.9,2.0,0.4,13.4,24.3,,2.8,1.3,4.1,0.08,,-0.2,-0.8,-1.0,0.7
282,246,Ken Norman,SF,26,LAC,70,2309,16.4,0.526,0.031,0.265,8.1,15.2,11.6,10.9,1.3,1.6,10.7,22.8,,2.2,2.6,4.8,0.1,,0.8,-0.2,0.5,1.5
283,247,Dan O'Sullivan,C,22,UTA,21,85,6.0,0.504,0.0,0.688,7.4,15.6,11.8,6.4,0.6,0.7,16.1,12.9,,0.0,0.1,0.1,0.062,,-6.1,-0.5,-6.5,-0.1
284,248,Charles Oakley,PF,27,NYK,76,2739,13.6,0.585,0.003,0.513,13.1,25.2,19.3,10.4,1.1,0.4,22.8,15.0,,2.6,3.6,6.2,0.109,,-0.8,-0.2,-1.0,0.7
285,249,Alan Ogg,C,23,MIA,31,261,7.4,0.455,0.036,0.182,6.3,14.8,10.5,1.0,1.1,6.3,11.9,10.5,,-0.1,0.3,0.3,0.053,,-6.5,1.2,-5.2,-0.2
286,250,Hakeem Olajuwon*,C,28,HOU,56,2062,24.3,0.549,0.004,0.289,11.4,28.3,19.9,10.2,2.9,6.4,13.9,25.0,,2.9,5.7,8.6,0.201,,2.1,4.0,6.2,4.3
287,251,Jawann Oldham,C,33,IND,4,19,8.1,0.5,0.0,0.0,0.0,17.5,9.1,0.0,0.0,0.0,0.0,13.3,,0.0,0.0,0.0,0.028,,-2.1,-3.5,-5.6,0.0
288,252,Brian Oliver,SG,22,PHI,73,800,9.9,0.46,0.066,0.261,2.6,8.5,5.6,16.2,2.1,0.3,14.2,19.3,,-0.5,0.6,0.2,0.01,,-4.0,-0.5,-4.4,-0.5
289,253,Gerald Paddio,SF,25,CLE,70,1181,9.3,0.461,0.047,0.184,3.7,7.8,5.8,11.9,0.9,0.3,11.5,22.8,,-0.9,0.5,-0.4,-0.018,,-3.7,-2.7,-6.5,-1.3
290,254,Walter Palmer,C,22,UTA,28,85,8.5,0.388,0.022,0.333,8.9,19.5,14.5,11.1,1.8,2.9,10.4,30.0,,-0.2,0.2,-0.1,-0.041,,-7.7,-0.2,-7.8,-0.1
291,255,Robert Parish*,C,37,BOS,81,2441,20.6,0.637,0.001,0.381,13.4,24.4,19.3,3.7,1.3,2.4,13.9,19.0,,6.1,3.9,10.0,0.198,,2.4,-0.3,2.2,2.6
292,256,John Paxson,PG,30,CHI,82,1971,14.0,0.596,0.166,0.071,0.9,4.5,2.7,19.9,1.6,0.1,10.4,14.4,,4.2,1.5,5.7,0.14,,0.6,-0.3,0.3,1.1
293,257,Kenny Payne,SF,24,PHI,47,444,7.5,0.411,0.095,0.153,4.4,12.1,8.3,5.4,1.1,0.8,9.4,21.9,,-0.7,0.3,-0.3,-0.037,,-5.2,-2.1,-7.2,-0.6
294,258,Gary Payton*,PG,22,SEA,82,2244,13.2,0.476,0.023,0.169,5.7,7.3,6.5,30.8,3.7,0.4,22.6,14.9,,1.0,2.4,3.4,0.073,,-0.5,1.3,0.8,1.6
295,259,Will Perdue,C,25,CHI,74,972,13.7,0.54,0.013,0.477,15.0,25.6,20.3,6.0,1.2,3.7,20.9,15.8,,0.6,1.7,2.3,0.115,,-2.5,0.2,-2.2,-0.1
296,260,Sam Perkins,PF,29,LAL,73,2504,14.8,0.567,0.086,0.375,8.1,16.5,12.5,6.2,1.3,1.8,10.6,16.9,,4.4,3.6,8.0,0.153,,0.0,0.9,0.9,1.9
297,261,Tim Perry,C,25,PHO,46,587,13.8,0.552,0.035,0.486,10.4,12.9,11.7,5.9,1.9,4.2,15.5,14.4,,0.5,0.9,1.4,0.116,,-0.6,1.3,0.7,0.4
298,262,Chuck Person,SF,26,IND,80,2566,16.1,0.553,0.165,0.186,5.6,12.8,9.3,14.7,1.1,0.4,12.1,24.8,,3.1,0.8,3.9,0.073,,1.7,-2.4,-0.7,0.8
299,263,Jim Petersen,C,28,GSW,62,834,9.8,0.518,0.017,0.322,9.1,17.3,13.2,4.2,0.7,2.9,15.1,15.2,,0.3,0.6,1.0,0.055,,-3.4,-0.7,-4.1,-0.4
300,264,Dražen Petrović*,SG,26,TOT,61,1015,16.6,0.563,0.132,0.278,5.2,6.3,5.7,13.9,2.0,0.1,12.8,25.2,,1.7,0.8,2.5,0.119,,0.2,-0.9,-0.7,0.3
301,264,Dražen Petrović*,SG,26,POR,18,133,15.3,0.496,0.085,0.31,8.4,6.6,7.5,22.9,2.2,0.0,12.9,28.3,,0.1,0.2,0.3,0.094,,-2.0,-0.8,-2.8,0.0
302,264,Dražen Petrović*,SG,26,NJN,43,882,16.8,0.574,0.14,0.273,4.7,6.3,5.5,12.6,2.0,0.1,12.7,24.7,,1.6,0.6,2.3,0.123,,0.5,-0.9,-0.4,0.3
303,265,Ricky Pierce,SG,31,TOT,78,2167,21.0,0.586,0.1,0.407,3.6,6.9,5.3,13.0,1.4,0.4,9.7,29.7,,6.7,1.2,7.9,0.174,,4.1,-1.8,2.3,2.4
304,265,Ricky Pierce,SG,31,MIL,46,1327,22.7,0.605,0.129,0.432,3.3,7.3,5.3,12.7,1.4,0.5,9.8,30.7,,4.5,0.9,5.3,0.192,,5.3,-1.6,3.7,1.9
305,265,Ricky Pierce,SG,31,SEA,32,840,18.3,0.554,0.053,0.367,4.2,6.3,5.3,13.4,1.3,0.2,9.6,28.0,,2.2,0.3,2.5,0.145,,2.2,-2.1,0.1,0.4
306,266,Ed Pinckney,PF,27,BOS,70,1165,16.6,0.622,0.004,0.477,16.0,16.3,16.1,4.7,2.6,2.1,13.3,12.2,,2.9,1.8,4.7,0.195,,1.0,1.1,2.1,1.2
307,267,Scottie Pippen*,SF,25,CHI,82,3014,20.6,0.561,0.059,0.295,6.5,16.6,11.6,23.5,3.2,1.9,15.1,21.8,,5.9,5.4,11.2,0.179,,3.2,2.5,5.8,5.9
308,268,Olden Polynice,C,26,TOT,79,2092,14.0,0.576,0.002,0.447,11.8,18.3,15.0,2.8,1.0,1.0,11.5,15.1,,3.1,2.0,5.2,0.118,,-0.2,-1.1,-1.3,0.4
309,268,Olden Polynice,C,26,SEA,48,960,15.2,0.562,0.0,0.376,14.0,19.7,16.8,2.4,1.4,1.3,13.0,17.8,,1.3,0.9,2.3,0.113,,0.3,-1.8,-1.5,0.1
310,268,Olden Polynice,C,26,LAC,31,1132,12.9,0.592,0.004,0.529,9.9,17.1,13.5,3.2,0.7,0.7,9.8,12.8,,1.8,1.1,2.9,0.123,,-0.7,-0.5,-1.1,0.3
311,269,Dave Popson,PF,26,BOS,19,64,11.6,0.481,0.0,0.313,13.2,11.1,12.1,4.3,0.8,1.8,14.2,27.9,,0.0,0.1,0.0,0.035,,-5.6,-3.3,-8.8,-0.1
312,270,Terry Porter,PG,27,POR,81,2665,21.7,0.632,0.332,0.359,2.2,9.4,5.9,34.0,2.8,0.3,14.7,19.6,,9.2,3.9,13.0,0.235,,5.6,1.8,7.4,6.2
313,271,Paul Pressey,SG,32,SAS,70,1683,11.4,0.545,0.134,0.312,3.5,7.9,5.8,21.8,1.8,1.1,21.2,15.2,,1.0,2.2,3.2,0.09,,-1.2,1.1,-0.1,0.8
314,272,Mark Price,PG,26,CLE,16,571,21.7,0.61,0.272,0.318,1.6,7.5,4.6,44.6,3.7,0.2,20.1,21.3,,1.4,0.6,2.0,0.167,,4.3,1.2,5.6,1.1
315,273,Kevin Pritchard,PG,23,GSW,62,773,6.9,0.462,0.135,0.336,2.3,7.0,4.6,13.3,1.8,0.6,18.3,16.6,,-0.5,0.4,-0.2,-0.012,,-4.2,-0.8,-5.0,-0.6
316,274,Brian Quinnett,SG,24,NYK,68,1011,9.0,0.5,0.142,0.119,7.6,8.9,8.2,7.6,1.1,0.8,14.0,16.0,,0.1,0.8,0.8,0.039,,-2.2,-1.2,-3.4,-0.3
317,275,Kurt Rambis,PF,32,PHO,62,900,11.4,0.553,0.012,0.509,9.8,21.8,16.1,8.7,1.3,0.7,18.0,11.3,,0.9,1.3,2.2,0.115,,-1.1,0.9,-0.3,0.4
318,276,Blair Rasmussen,C,28,DEN,70,2325,11.7,0.473,0.006,0.105,6.3,22.9,13.8,3.7,0.9,3.0,8.0,15.3,,0.6,1.1,1.7,0.036,,-3.0,-1.3,-4.3,-1.3
319,277,J.R. Reid,C,22,CHH,80,2467,10.8,0.508,0.003,0.335,7.0,16.7,11.7,5.3,1.7,1.2,14.7,18.0,,-0.3,2.1,1.8,0.034,,-3.1,-0.6,-3.7,-1.1
320,278,Robert Reid,SF,35,PHI,3,37,0.3,0.143,0.0,0.0,6.2,20.8,13.7,14.1,1.4,4.8,17.6,20.1,,-0.2,0.1,-0.2,-0.235,,-9.9,-2.0,-11.9,-0.1
321,279,Jerry Reynolds,SG,28,ORL,80,1843,17.8,0.529,0.043,0.528,5.1,12.9,8.8,17.0,2.5,1.8,15.0,25.4,,1.7,1.9,3.7,0.096,,1.3,1.0,2.3,2.0
322,280,Glen Rice,SF,23,MIA,77,2646,14.1,0.522,0.154,0.175,3.5,12.7,8.1,11.5,1.8,0.6,11.4,22.4,,1.9,2.5,4.4,0.08,,-0.1,-0.4,-0.5,1.0
323,281,Pooh Richardson,PG,24,MIN,82,3154,18.1,0.492,0.095,0.122,2.8,8.0,5.3,37.6,2.2,0.3,10.9,21.8,,4.5,1.3,5.9,0.089,,3.1,-1.1,2.0,3.2
324,282,Mitch Richmond*,SG,25,GSW,77,3027,17.8,0.565,0.081,0.327,5.4,11.1,8.2,11.8,1.9,0.7,12.4,24.5,,5.2,1.9,7.1,0.113,,2.1,-1.1,1.0,2.3
325,283,Doc Rivers,PG,29,ATL,79,2586,16.2,0.527,0.257,0.257,1.9,9.0,5.3,19.5,2.8,1.1,9.9,20.1,,4.1,2.2,6.3,0.116,,1.0,1.0,1.9,2.6
326,284,Fred Roberts,PF,30,MIL,82,2114,13.4,0.583,0.037,0.312,5.9,10.0,7.9,9.5,1.5,0.9,15.1,18.2,,2.5,1.7,4.2,0.096,,-0.2,-0.9,-1.1,0.5
327,285,Alvin Robertson,SG,28,MIL,81,2598,18.6,0.538,0.07,0.291,8.6,12.5,10.5,25.4,4.7,0.4,17.2,20.3,,3.4,4.3,7.7,0.142,,1.6,2.8,4.4,4.2
328,286,Clifford Robinson,PF,24,POR,82,1940,14.1,0.507,0.024,0.39,7.1,12.7,10.0,11.0,1.9,2.4,12.3,22.6,,1.2,3.0,4.2,0.104,,-1.3,0.9,-0.4,0.8
329,287,David Robinson*,C,25,SAS,82,3095,27.4,0.615,0.005,0.569,12.6,24.7,19.0,10.9,2.0,6.2,13.7,26.6,,9.4,7.6,17.0,0.264,,5.2,3.3,8.5,8.2
330,288,Larry Robinson,SG,23,TOT,36,425,7.6,0.429,0.007,0.18,7.5,5.7,6.6,11.4,1.8,0.1,14.3,18.2,,-0.4,0.2,-0.1,-0.016,,-3.8,-0.9,-4.8,-0.3
331,288,Larry Robinson,SG,23,GSW,24,170,6.6,0.427,0.0,0.254,9.7,5.2,7.5,8.5,2.5,0.3,19.6,19.2,,-0.3,0.1,-0.2,-0.051,,-4.7,-1.3,-6.0,-0.2
332,288,Larry Robinson,SG,23,WSB,12,255,8.3,0.431,0.011,0.132,6.0,6.0,6.0,13.4,1.4,0.0,10.3,17.5,,-0.1,0.1,0.0,0.007,,-3.3,-0.7,-4.0,-0.1
333,289,Rumeal Robinson,PG,24,ATL,47,674,11.7,0.478,0.045,0.331,3.1,8.5,5.8,28.5,2.3,0.7,21.5,21.6,,-0.5,0.5,-0.1,-0.004,,-2.1,-0.9,-3.0,-0.2
334,290,Dennis Rodman*,SF,29,DET,82,2747,13.9,0.525,0.054,0.314,15.0,27.8,21.3,4.4,1.2,1.3,12.9,11.7,,3.4,5.2,8.7,0.151,,-0.1,0.7,0.6,1.8
335,291,Tree Rollins,C,35,DET,37,202,5.9,0.46,0.0,0.424,7.3,16.5,11.9,2.7,0.5,6.3,27.7,11.8,,-0.3,0.4,0.1,0.022,,-6.6,2.7,-4.0,-0.1
336,292,Delaney Rudd,PG,28,UTA,82,874,11.8,0.512,0.214,0.249,2.0,6.6,4.4,36.9,2.1,0.1,24.4,21.2,,-0.3,0.9,0.6,0.033,,-1.4,-1.0,-2.4,-0.1
337,293,John Salley,PF,26,DET,74,1649,13.6,0.556,0.003,0.679,9.5,13.2,11.3,6.1,1.6,4.3,15.7,15.4,,1.9,2.9,4.8,0.139,,-1.7,2.8,1.1,1.3
338,294,Ralph Sampson*,C,30,SAC,25,348,7.2,0.365,0.054,0.204,13.0,23.4,18.1,7.1,1.6,3.1,21.0,16.1,,-0.8,0.5,-0.3,-0.038,,-6.1,-0.4,-6.5,-0.4
339,295,Jeff Sanders,PF,25,CHH,3,43,8.6,0.437,0.0,0.143,7.8,16.5,12.0,3.4,1.1,1.4,6.3,15.7,,0.0,0.0,0.0,0.022,,-4.7,-2.2,-6.8,-0.1
340,296,Mike Sanders,SF,30,IND,80,1357,8.4,0.446,0.04,0.115,6.4,9.1,7.8,10.9,1.3,1.1,11.1,18.1,,-0.4,0.5,0.1,0.003,,-3.3,-1.6,-4.9,-1.0
341,297,Danny Schayes,C,31,MIL,82,2228,14.8,0.587,0.008,0.549,9.1,19.7,14.3,6.2,1.2,1.8,12.5,16.3,,4.3,2.6,6.8,0.147,,-0.2,-0.4,-0.6,0.8
342,298,Steve Scheffler,C,23,CHH,39,227,12.4,0.612,0.0,0.538,10.3,12.5,11.4,5.3,1.3,0.5,7.7,9.8,,0.5,0.1,0.6,0.132,,-0.2,-0.9,-1.1,0.0
343,299,Dwayne Schintzius,C,22,SAS,42,398,10.1,0.458,0.013,0.258,8.2,24.5,16.8,6.2,0.2,4.4,16.5,21.6,,-0.5,0.8,0.2,0.027,,-5.6,0.6,-5.0,-0.3
344,300,Detlef Schrempf,PF,28,IND,82,2632,18.6,0.618,0.048,0.649,8.0,20.3,14.4,16.2,1.1,0.5,14.1,19.8,,7.4,1.6,9.0,0.165,,2.8,-0.8,2.0,2.6
345,301,Byron Scott,SG,29,LAL,82,2630,14.2,0.534,0.208,0.141,2.5,8.1,5.4,10.3,1.8,0.5,7.1,19.9,,3.6,2.9,6.6,0.12,,0.3,0.6,0.9,2.0
346,302,Dennis Scott,SG,22,ORL,82,2336,13.0,0.504,0.282,0.172,2.8,8.3,5.5,9.3,1.3,0.6,9.1,24.4,,1.4,1.2,2.6,0.054,,-0.2,-1.3,-1.5,0.3
347,303,Rony Seikaly,C,25,MIA,64,2171,15.2,0.522,0.007,0.507,10.5,26.3,18.3,6.8,1.1,2.4,16.9,22.7,,0.0,3.1,3.0,0.067,,-1.4,-0.3,-1.7,0.1
348,304,John Shasky,C,26,DAL,57,510,11.1,0.497,0.0,0.681,13.0,17.0,15.0,3.0,1.4,2.4,15.2,15.4,,0.2,0.5,0.7,0.063,,-3.6,-0.9,-4.4,-0.3
349,305,Brian Shaw,PG,24,BOS,79,2772,15.5,0.519,0.029,0.264,4.5,9.8,7.4,28.1,1.8,0.7,17.5,19.3,,3.2,2.7,5.9,0.102,,1.0,0.1,1.1,2.2
350,306,Jack Sikma*,C,35,MIL,77,1940,13.7,0.516,0.195,0.285,6.5,20.8,13.5,10.7,1.7,2.1,14.3,20.1,,1.0,2.6,3.5,0.088,,-0.8,0.3,-0.5,0.8
351,307,Lionel Simmons,SF,22,SAC,79,2978,15.4,0.476,0.008,0.334,7.2,19.7,13.3,17.7,1.9,1.8,13.4,25.3,,-0.9,3.6,2.7,0.044,,-0.5,0.1,-0.4,1.2
352,308,Scott Skiles,PG,26,ORL,79,2714,17.8,0.563,0.219,0.363,2.2,8.8,5.4,36.7,1.6,0.1,17.3,21.8,,5.5,1.5,7.0,0.124,,2.8,-0.9,1.9,2.7
353,309,Charles Smith,SF,25,LAC,74,2703,17.6,0.536,0.006,0.414,8.5,15.9,12.1,7.6,1.4,3.2,10.7,23.2,,3.8,3.6,7.4,0.131,,0.5,0.6,1.1,2.1
354,310,Charles Smith,PG,23,BOS,5,30,6.3,0.489,0.0,0.714,0.0,6.8,3.7,24.0,1.6,0.0,24.6,17.1,,0.0,0.0,0.0,0.009,,-7.3,-1.5,-8.8,-0.1
355,311,Clinton Smith,SG,27,WSB,5,45,7.2,0.527,0.0,1.5,4.8,4.9,4.9,11.0,1.1,0.0,13.1,7.1,,0.0,0.0,0.1,0.061,,-3.0,-1.1,-4.1,0.0
356,312,Derek Smith,SF,29,BOS,2,16,13.7,0.434,0.25,1.0,0.0,0.0,0.0,35.9,3.0,3.6,14.8,17.8,,0.0,0.0,0.0,0.102,,-1.1,3.1,2.1,0.0
357,313,Kenny Smith,PG,25,HOU,78,2699,18.3,0.599,0.135,0.339,1.4,5.0,3.2,30.9,1.9,0.2,17.1,21.2,,6.2,2.8,9.0,0.161,,2.8,0.1,2.9,3.3
358,314,Larry Smith,PF,33,HOU,81,1923,10.3,0.47,0.0,0.19,16.8,22.4,19.6,5.8,2.1,0.7,24.6,8.1,,0.7,3.6,4.4,0.109,,-2.1,1.1,-1.0,0.5
359,315,Michael Smith,PF,25,BOS,47,389,14.3,0.514,0.12,0.135,6.5,9.2,7.9,16.1,0.8,0.3,14.9,26.9,,0.1,0.2,0.3,0.042,,-0.7,-3.0,-3.7,-0.2
360,316,Otis Smith,SF,27,ORL,75,1885,17.2,0.505,0.051,0.334,9.9,12.7,11.2,14.5,2.2,1.1,11.9,25.3,,1.8,1.7,3.5,0.09,,1.4,0.0,1.3,1.6
361,317,Tony Smith,SG,22,LAL,64,695,10.9,0.477,0.032,0.259,4.2,7.5,5.9,27.6,2.1,1.0,22.0,19.7,,-0.3,0.8,0.5,0.037,,-2.6,0.4,-2.2,0.0
362,318,Rik Smits,C,24,IND,76,1690,14.9,0.525,0.0,0.268,8.2,15.8,12.1,7.4,0.7,3.9,9.8,21.7,,1.8,1.1,2.9,0.081,,-1.2,-0.9,-2.1,-0.1
363,319,Mike Smrek,C,28,TOT,15,95,5.4,0.372,0.0,0.444,7.9,21.9,14.8,5.5,1.5,1.9,8.5,15.0,,-0.1,0.1,0.0,0.018,,-7.2,-0.4,-7.6,-0.1
364,319,Mike Smrek,C,28,GSW,5,25,14.6,0.549,0.0,0.364,13.2,17.6,15.4,6.1,3.7,0.0,13.6,23.6,,0.0,0.0,0.1,0.111,,-4.6,-0.4,-4.9,0.0
365,319,Mike Smrek,C,28,LAC,10,70,2.1,0.256,0.0,0.5,6.1,23.5,14.6,5.3,0.7,2.6,4.9,11.9,,-0.1,0.1,0.0,-0.015,,-8.2,-0.4,-8.5,-0.1
366,320,Rory Sparrow,PG,32,SAC,80,2375,12.4,0.524,0.103,0.11,2.1,6.9,4.4,24.3,1.8,0.4,13.7,16.9,,1.5,1.3,2.8,0.057,,-1.1,-0.4,-1.5,0.3
367,321,Felton Spencer,C,23,MIN,81,2099,13.8,0.581,0.003,0.661,14.1,21.8,17.7,1.6,1.2,3.7,13.5,11.7,,3.5,2.1,5.6,0.128,,-2.3,-0.4,-2.6,-0.3
368,322,John Starks,SG,25,NYK,61,1173,14.3,0.511,0.227,0.256,3.0,9.7,6.4,25.7,2.5,0.9,14.0,19.7,,1.0,1.3,2.4,0.097,,-0.4,1.3,0.9,0.9
369,323,Everette Stephens,PG,24,MIL,3,6,44.3,0.773,0.0,0.667,0.0,0.0,0.0,65.7,0.0,0.0,0.0,27.7,,0.1,0.0,0.1,0.618,,21.6,3.0,24.6,0.0
370,324,John Stockton*,PG,28,UTA,82,3103,23.4,0.604,0.172,0.444,1.9,6.8,4.5,57.5,3.8,0.3,20.3,20.9,,9.4,4.7,14.0,0.217,,5.8,2.5,8.3,8.1
371,325,Rod Strickland,PG,24,SAS,58,2076,16.2,0.538,0.051,0.324,3.2,8.2,5.8,31.5,2.7,0.3,17.3,18.1,,2.7,3.1,5.7,0.132,,1.1,1.3,2.4,2.3
372,326,Jon Sundvold,SG,29,MIA,24,225,11.6,0.501,0.327,0.103,1.5,3.0,2.2,16.7,1.5,0.0,12.5,23.2,,0.1,0.1,0.2,0.037,,0.1,-2.4,-2.2,0.0
373,327,Roy Tarpley,C,26,DAL,5,171,23.6,0.587,0.013,0.228,10.7,26.0,18.3,12.4,1.8,3.3,13.0,25.9,,0.3,0.3,0.6,0.165,,2.3,1.4,3.6,0.2
374,328,Terry Teagle,SG,30,LAL,82,1498,12.8,0.488,0.012,0.234,6.6,7.3,7.0,8.8,1.1,0.3,9.0,26.7,,0.7,1.3,2.1,0.066,,-2.2,-1.7,-3.9,-0.7
375,329,Reggie Theus,SG,33,NJN,81,2955,14.2,0.54,0.115,0.275,2.4,5.9,4.1,20.1,1.4,0.7,15.3,22.4,,2.9,1.8,4.7,0.076,,0.0,-1.1,-1.1,0.6
376,330,Irving Thomas,PF,25,LAL,26,108,7.3,0.388,0.0,0.42,15.7,17.5,16.7,13.5,1.9,0.5,18.0,29.1,,-0.3,0.2,-0.1,-0.057,,-8.7,-1.6,-10.3,-0.2
377,331,Isiah Thomas*,PG,29,DET,48,1657,17.4,0.507,0.098,0.344,2.4,8.7,5.5,42.6,2.4,0.4,19.5,25.2,,1.1,2.3,3.4,0.098,,2.2,0.5,2.7,2.0
378,332,Jim Thomas,SG,30,MIN,3,14,0.7,0.25,0.0,0.0,0.0,0.0,0.0,9.5,3.7,0.0,20.0,15.4,,-0.1,0.0,0.0,-0.167,,-6.5,-1.0,-7.4,0.0
379,333,Billy Thompson,SF,27,MIA,73,1481,11.3,0.536,0.01,0.302,8.9,14.7,11.8,10.9,1.0,2.0,20.1,16.0,,0.3,1.4,1.7,0.054,,-1.9,0.0,-1.9,0.0
380,334,LaSalle Thompson,C,29,IND,82,1946,11.2,0.512,0.009,0.184,9.4,23.3,16.6,10.4,1.6,1.9,21.6,16.8,,-0.7,1.9,1.2,0.03,,-2.5,-0.1,-2.7,-0.3
381,335,Mychal Thompson,C,36,LAL,72,1077,9.6,0.54,0.009,0.386,8.3,15.9,12.3,2.6,1.1,1.3,15.0,12.7,,0.6,1.4,2.1,0.091,,-2.6,0.4,-2.2,-0.1
382,336,Bob Thornton,PF,28,MIN,12,110,-0.5,0.46,0.0,0.769,1.0,15.8,7.9,1.2,0.0,1.7,34.1,10.3,,-0.2,0.0,-0.2,-0.079,,-9.8,-1.5,-11.3,-0.3
383,337,Otis Thorpe,PF,28,HOU,82,3039,17.2,0.598,0.007,0.486,10.1,19.5,14.8,9.6,1.2,0.4,15.3,19.2,,5.8,4.5,10.4,0.164,,0.9,0.3,1.2,2.5
384,338,Sedale Threatt,PG,29,SEA,80,2066,15.5,0.556,0.042,0.207,1.4,4.3,2.9,19.7,2.7,0.3,13.2,21.3,,3.1,1.4,4.6,0.106,,0.2,0.0,0.3,1.2
385,339,Wayman Tisdale,PF,26,SAC,33,1116,17.6,0.535,0.002,0.314,7.4,18.6,12.9,10.8,1.0,1.6,11.7,27.4,,0.8,1.1,1.8,0.078,,1.0,-1.0,0.0,0.6
386,340,Tom Tolbert,PF,25,GSW,62,1371,10.1,0.491,0.048,0.397,7.0,15.1,11.0,7.2,1.2,1.6,13.6,17.1,,0.3,1.0,1.3,0.045,,-2.7,-0.9,-3.6,-0.5
387,341,Andy Toolson,SF,25,UTA,47,470,8.4,0.495,0.258,0.266,8.6,8.2,8.4,9.3,1.5,0.3,14.8,15.3,,0.1,0.5,0.6,0.057,,-2.7,-0.1,-2.8,-0.1
388,342,Kelly Tripucka,SF,31,CHH,77,1289,13.5,0.557,0.109,0.405,4.0,11.9,7.8,18.0,1.3,0.6,15.9,19.1,,1.4,0.7,2.0,0.076,,-0.3,-0.7,-1.0,0.3
389,343,Trent Tucker,SG,31,NYK,65,1194,11.7,0.519,0.353,0.062,3.3,6.8,5.1,13.9,1.9,0.5,9.4,18.0,,1.0,1.0,1.9,0.078,,-0.4,-0.1,-0.5,0.4
390,344,Andre Turner,PG,26,PHI,70,1407,12.8,0.489,0.086,0.227,2.9,9.1,6.1,31.6,2.2,0.0,18.4,16.0,,0.7,1.2,1.9,0.064,,-1.3,-0.4,-1.7,0.1
391,345,Jeff Turner,PF,28,ORL,71,1683,9.7,0.524,0.028,0.211,6.8,17.0,11.8,8.5,0.8,0.4,17.8,17.1,,0.0,1.1,1.2,0.034,,-3.5,-0.7,-4.2,-0.9
392,346,Kelvin Upshaw,SG,28,DAL,48,514,17.2,0.521,0.126,0.277,4.4,7.8,6.1,27.1,2.8,0.6,13.1,25.7,,0.6,0.4,1.0,0.094,,-0.1,0.1,-0.1,0.3
393,347,Darnell Valentine,PG,31,CLE,65,1841,13.5,0.533,0.05,0.347,2.3,8.5,5.4,27.4,2.7,0.4,18.1,16.5,,1.5,1.7,3.1,0.082,,-1.6,0.6,-0.9,0.5
394,348,Kiki Vandeweghe,SF,32,NYK,75,2420,14.4,0.582,0.152,0.311,3.8,4.7,4.3,7.1,0.9,0.2,9.3,20.9,,4.5,1.1,5.7,0.112,,0.9,-1.8,-0.8,0.7
395,349,Loy Vaught,PF,22,LAC,73,1178,12.1,0.51,0.006,0.206,11.1,20.9,16.0,4.8,0.8,1.2,11.1,15.2,,0.8,1.4,2.2,0.091,,-2.0,-0.9,-2.9,-0.3
396,350,Sam Vincent,PG,27,ORL,49,975,13.1,0.5,0.054,0.34,1.8,10.4,6.0,29.8,1.5,0.3,18.3,20.7,,0.3,0.6,0.9,0.043,,-1.0,-0.9,-1.8,0.0
397,351,Stojko Vranković,C,27,BOS,31,166,8.8,0.484,0.0,0.346,10.9,22.1,16.9,3.1,0.3,10.0,28.6,21.3,,-0.4,0.3,-0.1,-0.026,,-9.5,1.9,-7.6,-0.2
398,352,Milt Wagner,SG,27,MIA,13,116,11.2,0.509,0.298,0.193,0.0,6.9,3.4,20.8,0.8,1.6,16.3,25.9,,0.0,0.1,0.0,0.016,,-1.3,-0.9,-2.2,0.0
399,353,Darrell Walker,PG,29,WSB,71,2305,12.4,0.459,0.017,0.288,6.6,17.0,11.8,26.4,1.7,0.8,20.3,13.7,,0.3,2.6,2.9,0.061,,-1.1,1.3,0.2,1.3
400,354,Kenny Walker,SF,26,NYK,54,771,10.3,0.506,0.005,0.429,9.6,13.7,11.7,2.3,1.2,2.3,11.7,14.6,,0.5,0.8,1.3,0.082,,-3.1,-0.3,-3.4,-0.3
401,355,Spud Webb,PG,27,ATL,75,2197,16.6,0.545,0.209,0.331,2.0,6.8,4.3,27.7,2.6,0.2,13.7,20.0,,4.0,1.4,5.4,0.118,,1.3,-0.2,1.1,1.7
402,356,Bill Wennington,C,27,SAC,77,1455,11.0,0.479,0.012,0.227,7.7,19.1,13.2,7.2,1.6,2.6,10.1,15.2,,0.4,1.8,2.1,0.07,,-3.4,0.7,-2.8,-0.3
403,357,Doug West,SG,23,MIN,75,824,12.6,0.52,0.004,0.341,7.4,12.1,9.6,8.6,2.2,1.8,12.7,16.9,,0.6,0.6,1.2,0.073,,-2.1,0.2,-1.9,0.0
404,358,Mark West,C,30,PHO,82,1957,14.6,0.665,0.0,0.539,10.1,20.9,15.7,2.4,0.8,4.7,15.4,11.6,,3.4,3.1,6.5,0.16,,-0.5,1.5,1.0,1.5
405,359,Randy White,PF,23,DAL,79,1901,10.8,0.455,0.056,0.338,10.4,19.8,15.1,4.9,2.2,1.4,14.6,20.8,,-1.6,2.3,0.7,0.018,,-4.6,-0.6,-5.2,-1.5
406,360,Morlon Wiley,PG,24,ORL,34,350,10.5,0.475,0.111,0.231,1.2,4.2,2.6,29.6,3.3,0.0,22.2,17.8,,-0.2,0.3,0.1,0.015,,-2.4,0.3,-2.2,0.0
407,361,Dominique Wilkins*,SF,31,ATL,81,3078,23.5,0.555,0.152,0.35,9.0,17.3,13.0,14.4,1.9,1.3,9.6,28.1,,8.6,2.8,11.4,0.177,,5.4,-0.5,4.9,5.4
408,362,Eddie Lee Wilkins,C,28,NYK,68,668,10.5,0.474,0.004,0.353,12.2,18.7,15.5,3.4,1.3,0.6,14.5,22.5,,-0.5,0.8,0.3,0.019,,-4.4,-2.2,-6.6,-0.8
409,363,Gerald Wilkins,SG,27,NYK,68,2164,13.3,0.524,0.053,0.256,4.2,6.7,5.5,19.5,1.9,0.6,15.3,21.3,,1.2,1.8,3.0,0.066,,-0.8,-0.2,-1.0,0.5
410,364,Buck Williams,PF,30,POR,80,2582,14.3,0.639,0.0,0.518,9.8,22.2,16.1,4.9,0.9,1.1,15.8,13.7,,4.6,3.9,8.5,0.158,,0.2,0.3,0.5,1.6
411,365,Herb Williams,C,32,DAL,60,1832,13.1,0.524,0.006,0.198,5.4,16.9,11.1,8.1,0.8,3.0,13.7,19.9,,0.1,1.6,1.7,0.045,,-2.1,-0.1,-2.1,-0.1
412,366,Hot Rod Williams,C,28,CLE,43,1293,14.9,0.503,0.002,0.381,10.0,16.0,13.0,11.6,1.4,3.2,11.1,19.1,,1.0,1.4,2.4,0.09,,-0.7,0.5,-0.2,0.6
413,367,Jayson Williams,PF,22,PHI,52,508,8.0,0.49,0.012,0.348,9.3,15.2,12.3,4.7,0.9,0.7,17.7,19.4,,-0.4,0.4,0.1,0.006,,-5.8,-1.9,-7.7,-0.7
414,368,John Williams,SF,24,WSB,33,941,14.1,0.472,0.104,0.247,4.9,15.7,10.3,20.8,2.0,0.4,13.5,22.3,,-0.1,1.1,1.0,0.051,,-0.4,0.1,-0.4,0.4
415,369,Kenny Williams,PF,21,IND,75,527,13.9,0.547,0.017,0.279,12.6,15.8,14.3,8.5,1.0,3.5,16.9,19.3,,0.4,0.4,0.7,0.068,,-1.6,-0.9,-2.5,-0.1
416,370,Micheal Williams,PG,24,IND,73,1706,19.5,0.608,0.013,0.631,3.4,8.2,5.9,28.4,4.2,0.6,18.3,20.1,,4.1,1.6,5.7,0.161,,1.7,1.5,3.2,2.3
417,371,Reggie Williams,SF,26,TOT,73,1896,14.8,0.526,0.184,0.23,6.3,9.6,7.9,9.4,2.6,1.2,10.6,20.2,,2.2,1.0,3.3,0.082,,0.0,0.1,0.1,1.0
418,371,Reggie Williams,SF,26,SAS,22,354,15.5,0.589,0.205,0.323,5.6,12.5,9.2,18.9,2.8,1.9,19.9,21.3,,0.4,0.6,1.0,0.141,,-0.4,2.2,1.8,0.3
419,371,Reggie Williams,SF,26,DEN,51,1542,14.6,0.515,0.18,0.214,6.5,8.9,7.6,7.2,2.5,1.0,8.7,19.9,,1.8,0.4,2.2,0.069,,0.1,-0.4,-0.3,0.6
420,372,Scott Williams,PF,22,CHI,51,337,14.7,0.546,0.019,0.269,14.9,19.3,17.1,6.2,1.8,2.4,16.5,17.7,,0.4,0.5,0.9,0.129,,-2.2,-0.5,-2.7,-0.1
421,373,Kevin Willis,PF,28,ATL,80,2373,15.3,0.533,0.011,0.27,11.5,21.2,16.2,6.3,1.2,1.0,13.4,19.8,,2.3,2.0,4.4,0.089,,-0.3,-1.5,-1.8,0.1
422,374,Trevor Wilson,PF,22,ATL,25,162,4.9,0.338,0.029,0.371,10.5,16.7,13.5,9.5,1.5,0.4,17.3,25.1,,-0.6,0.1,-0.5,-0.144,,-6.3,-3.0,-9.3,-0.3
423,375,Kennard Winchester,SF,24,HOU,64,607,8.8,0.451,0.082,0.184,6.0,5.8,5.9,5.9,1.3,1.3,10.2,20.0,,-0.1,0.6,0.5,0.038,,-3.5,-0.6,-4.1,-0.3
424,376,David Wingate,SG,27,SAS,25,563,5.6,0.436,0.065,0.297,5.0,9.5,7.4,10.7,1.6,0.5,21.2,14.7,,-0.6,0.7,0.1,0.007,,-4.7,0.6,-4.1,-0.3
425,377,Randy Wittman,SF,31,IND,41,355,7.4,0.453,0.063,0.076,2.0,8.4,5.3,9.1,1.4,0.7,10.9,10.8,,0.0,0.1,0.0,0.006,,-1.8,-1.1,-3.0,-0.1
426,378,Joe Wolf,C,26,DEN,74,1593,10.1,0.485,0.029,0.16,7.3,17.3,11.9,8.0,1.6,1.0,14.6,14.4,,0.2,0.5,0.7,0.021,,-3.2,-0.9,-4.1,-0.9
427,379,David Wood,SF,26,HOU,82,1421,9.6,0.53,0.258,0.381,8.1,10.4,9.2,8.8,2.0,0.7,17.9,14.4,,0.9,1.9,2.8,0.096,,-2.9,1.3,-1.6,0.1
428,380,Leon Wood,SG,28,SAC,12,222,15.4,0.561,0.603,0.333,2.5,7.3,4.9,32.9,1.1,0.0,14.2,16.6,,0.5,0.1,0.6,0.119,,2.1,-1.5,0.6,0.1
429,381,Mike Woodson,SG,32,TOT,15,171,5.9,0.387,0.091,0.169,1.9,6.3,4.1,12.6,1.4,1.7,12.7,23.2,,-0.4,0.2,-0.2,-0.058,,-5.8,-0.7,-6.4,-0.2
430,381,Mike Woodson,SG,32,HOU,11,125,10.5,0.447,0.111,0.222,1.7,7.6,4.7,11.6,1.9,1.9,10.6,21.8,,-0.1,0.2,0.1,0.043,,-2.9,1.6,-1.3,0.0
431,381,Mike Woodson,SG,32,CLE,4,46,-6.8,0.235,0.043,0.043,2.5,2.5,2.5,15.2,0.0,1.3,17.6,27.0,,-0.3,0.0,-0.3,-0.332,,-13.6,-6.7,-20.3,-0.2
432,382,Orlando Woolridge,SF,31,DEN,53,1823,19.5,0.565,0.004,0.447,6.7,12.6,9.3,9.1,1.6,0.7,11.4,25.7,,3.7,0.2,3.9,0.102,,2.4,-2.1,0.3,1.1
433,383,Haywoode Workman,PG,25,WSB,73,2034,11.5,0.507,0.097,0.258,2.7,10.3,6.5,23.5,2.1,0.2,19.1,14.5,,0.6,1.9,2.5,0.058,,-2.3,0.7,-1.6,0.2
434,384,James Worthy*,SF,29,LAL,78,3008,18.1,0.531,0.062,0.183,4.3,9.2,6.9,15.1,1.8,0.7,7.5,24.6,,5.5,3.5,9.0,0.143,,2.2,0.3,2.5,3.4
435,385,Howard Wright,PF,23,TOT,15,164,8.7,0.469,0.021,0.511,7.8,22.6,15.0,2.5,1.2,1.8,16.0,17.1,,-0.1,0.2,0.1,0.023,,-4.9,-0.6,-5.5,-0.1
436,385,Howard Wright,PF,23,ATL,4,20,6.3,0.727,0.0,0.333,5.3,28.2,16.4,0.0,0.0,0.0,36.8,11.2,,0.0,0.0,0.0,0.013,,-5.0,-1.4,-6.4,0.0
437,385,Howard Wright,PF,23,ORL,8,136,7.5,0.428,0.0,0.512,7.8,22.3,14.8,3.0,1.1,2.2,15.2,17.7,,-0.2,0.1,0.0,-0.003,,-5.6,-0.7,-6.3,-0.1
438,385,Howard Wright,PF,23,DAL,3,8,34.8,0.773,0.333,0.667,14.3,14.2,14.3,0.0,6.4,0.0,0.0,21.5,,0.1,0.0,0.1,0.478,,6.7,4.4,11.0,0.0
439,386,A.J. Wynder,PG,26,BOS,6,39,7.6,0.387,0.083,0.667,3.1,5.2,4.2,24.0,1.3,0.0,20.5,21.1,,-0.1,0.0,0.0,-0.051,,-2.6,-2.7,-5.3,0.0
440,387,Danny Young,PG,28,POR,75,897,11.7,0.487,0.384,0.166,2.7,6.5,4.6,20.1,2.7,0.5,14.7,15.4,,0.6,1.2,1.8,0.096,,-0.6,1.1,0.5,0.6
